,index,abs_neut_anc_discharge_value
0,,1111629
1,4.00,882
2,Unable to assay. Clotted specimen.,879
3,4.08,875
4,3.80,874
5,4.70,864
6,3.87,863
7,4.41,862
8,4.14,855
9,4.10,853
10,4.40,850
11,3.90,848
12,4.51,847
13,4.20,846
14,4.13,843
15,3.92,843
16,4.19,836
17,4.24,836
18,4.55,835
19,4.30,832
20,4.21,832
21,4.45,830
22,3.70,829
23,3.60,828
24,4.32,827
25,3.65,821
26,3.82,821
27,3.97,821
28,4.36,821
29,3.88,820
30,4.07,819
31,3.79,818
32,4.43,817
33,3.71,817
34,4.17,817
35,4.01,817
36,4.26,815
37,4.50,815
38,4.12,814
39,4.56,814
40,4.18,814
41,4.09,813
42,4.82,813
43,3.99,812
44,3.30,811
45,3.91,810
46,4.25,810
47,3.66,809
48,4.23,809
49,4.15,809
50,3.78,809
51,4.47,808
52,4.48,808
53,3.83,806
54,3.68,806
55,4.34,805
56,3.63,803
57,3.84,802
58,3.67,800
59,3.98,800
60,4.04,800
61,4.64,797
62,4.33,797
63,4.60,797
64,3.89,797
65,4.71,796
66,3.96,796
67,3.50,796
68,4.03,795
69,4.90,795
70,3.64,794
71,4.44,794
72,4.65,793
73,4.35,793
74,3.56,793
75,4.96,793
76,4.06,792
77,5.30,790
78,3.55,788
79,4.22,788
80,3.57,787
81,3.81,787
82,4.77,787
83,4.16,787
84,4.28,786
85,5.08,786
86,4.84,785
87,3.40,785
88,4.92,785
89,4.89,784
90,4.27,783
91,3.54,782
92,3.41,782
93,4.02,782
94,4.05,781
95,3.53,781
96,4.59,781
97,4.46,780
98,5.01,778
99,4.29,778
100,4.53,777
101,4.67,776
102,4.69,776
103,3.75,776
104,4.80,774
105,4.83,774
106,4.68,774
107,4.58,774
108,3.29,773
109,4.54,773
110,3.74,772
111,4.37,772
112,4.75,772
113,4.88,772
114,4.11,771
115,4.57,771
116,3.33,769
117,5.00,767
118,3.86,767
119,5.10,767
120,5.33,767
121,3.95,763
122,4.72,763
123,4.74,763
124,3.48,761
125,4.97,761
126,4.39,760
127,3.34,760
128,4.52,760
129,3.69,759
130,3.38,759
131,4.76,758
132,Account Credited,757
133,3.85,757
134,3.77,756
135,4.66,756
136,4.63,756
137,5.07,755
138,4.49,754
139,3.23,753
140,4.93,753
141,4.38,753
142,4.98,752
143,4.62,751
144,4.85,751
145,3.73,750
146,3.46,749
147,4.73,749
148,5.05,748
149,3.44,747
150,3.93,747
151,4.99,747
152,3.72,746
153,3.32,746
154,3.45,746
155,5.17,745
156,5.15,743
157,5.40,743
158,3.62,742
159,4.61,742
160,4.31,742
161,5.20,742
162,3.59,741
163,5.11,741
164,5.16,741
165,4.81,739
166,3.47,738
167,5.18,737
168,4.86,736
169,5.02,736
170,4.94,735
171,3.39,735
172,3.94,735
173,5.03,734
174,4.87,734
175,3.76,734
176,4.42,733
177,5.38,732
178,3.58,729
179,5.04,728
180,3.28,727
181,5.22,726
182,3.49,726
183,3.35,725
184,5.37,724
185,3.10,722
186,5.45,722
187,5.43,722
188,3.36,720
189,4.79,717
190,5.59,717
191,5.26,717
192,5.25,717
193,3.61,716
194,3.43,715
195,3.37,715
196,3.42,714
197,5.29,713
198,5.41,713
199,4.91,713
200,3.20,711
201,5.50,711
202,4.95,711
203,3.18,710
204,5.12,709
205,5.39,709
206,5.49,708
207,3.16,708
208,3.27,706
209,5.70,706
210,5.48,705
211,3.26,705
212,5.36,703
213,5.09,701
214,5.58,700
215,5.13,699
216,5.53,699
217,5.47,699
218,5.06,698
219,5.23,698
220,5.31,697
221,3.51,696
222,3.24,695
223,3.12,693
224,5.19,692
225,5.21,691
226,5.27,689
227,5.28,689
228,5.32,689
229,4.78,688
230,5.51,688
231,3.13,687
232,5.35,685
233,3.22,685
234,5.67,685
235,5.46,684
236,5.34,683
237,5.14,683
238,3.52,683
239,3.25,682
240,5.86,677
241,5.60,677
242,3.31,677
243,5.82,676
244,5.44,676
245,5.42,675
246,5.80,674
247,5.24,673
248,5.57,671
249,3.09,671
250,5.73,669
251,3.21,667
252,3.17,665
253,3.15,665
254,3.14,663
255,5.61,662
256,3.03,660
257,3.07,659
258,2.97,659
259,5.55,657
260,5.52,656
261,5.54,656
262,6.00,656
263,5.68,656
264,5.90,655
265,5.96,655
266,5.77,655
267,6.06,654
268,3.05,654
269,5.74,653
270,2.92,652
271,2.91,649
272,3.19,647
273,5.63,646
274,3.01,646
275,3.00,645
276,5.88,642
277,2.98,640
278,3.11,639
279,3.02,639
280,3.08,637
281,5.64,636
282,5.56,634
283,5.65,633
284,3.06,633
285,5.62,633
286,5.69,632
287,6.10,629
288,2.95,627
289,5.72,626
290,5.89,625
291,5.66,623
292,6.16,623
293,5.71,622
294,5.91,621
295,5.95,621
296,6.03,621
297,5.83,620
298,5.78,618
299,6.50,618
300,5.75,617
301,2.93,612
302,5.76,612
303,5.97,612
304,6.20,611
305,6.07,608
306,5.87,607
307,5.93,607
308,2.99,607
309,5.94,607
310,6.11,606
311,2.85,604
312,2.83,604
313,2.96,603
314,6.18,603
315,5.81,602
316,5.99,601
317,5.92,601
318,2.94,599
319,6.39,599
320,3.04,598
321,2.90,597
322,6.38,595
323,6.09,595
324,5.79,593
325,6.12,592
326,6.44,591
327,5.84,591
328,6.01,591
329,2.89,591
330,2.80,588
331,6.08,586
332,6.40,586
333,6.15,586
334,6.04,586
335,6.27,585
336,5.98,584
337,2.88,583
338,2.70,581
339,6.02,580
340,2.79,579
341,6.28,578
342,6.51,576
343,6.26,572
344,6.05,571
345,6.23,571
346,2.74,570
347,6.19,570
348,6.25,568
349,2.66,568
350,6.42,568
351,2.87,567
352,6.14,566
353,2.60,563
354,6.33,562
355,6.24,562
356,2.61,558
357,6.30,558
358,6.47,558
359,6.29,558
360,6.31,555
361,2.86,554
362,2.72,554
363,6.21,553
364,6.17,552
365,6.22,552
366,6.70,551
367,6.35,551
368,6.37,551
369,2.76,549
370,2.81,548
371,6.13,547
372,5.85,547
373,6.56,546
374,2.82,546
375,6.34,544
376,6.74,544
377,6.54,543
378,6.67,542
379,6.59,541
380,6.68,541
381,6.32,541
382,2.69,540
383,2.84,539
384,6.52,538
385,6.60,537
386,2.77,537
387,2.65,536
388,6.36,536
389,2.75,534
390,2.63,533
391,6.62,533
392,6.43,533
393,6.46,531
394,6.69,530
395,6.57,529
396,6.61,528
397,2.55,527
398,2.73,527
399,2.58,524
400,6.58,523
401,6.96,523
402,6.53,521
403,6.92,520
404,6.55,520
405,2.67,520
406,6.66,518
407,6.45,517
408,2.78,514
409,6.77,513
410,6.41,510
411,6.65,510
412,6.73,509
413,6.75,508
414,6.76,507
415,6.72,507
416,6.80,507
417,2.62,505
418,6.81,504
419,6.83,504
420,7.50,504
421,6.99,503
422,2.48,503
423,2.64,501
424,2.57,500
425,2.68,500
426,6.48,499
427,6.82,499
428,6.63,498
429,2.51,498
430,7.00,497
431,6.90,496
432,6.91,494
433,2.50,494
434,6.95,493
435,2.71,492
436,6.89,491
437,7.05,491
438,6.79,491
439,6.88,490
440,6.84,488
441,7.01,488
442,6.86,485
443,6.49,484
444,7.07,484
445,6.85,483
446,6.71,482
447,7.20,482
448,7.03,482
449,7.13,481
450,2.47,480
451,6.94,480
452,6.64,479
453,7.30,478
454,6.78,475
455,2.52,475
456,7.18,473
457,7.02,473
458,2.53,473
459,2.56,472
460,2.54,471
461,6.87,470
462,7.22,464
463,2.59,463
464,6.93,461
465,2.49,461
466,2.42,460
467,7.06,459
468,7.37,459
469,7.10,459
470,2.43,459
471,6.98,458
472,7.12,458
473,2.46,458
474,7.36,457
475,7.09,453
476,7.34,451
477,2.40,451
478,7.11,451
479,2.39,449
480,7.38,448
481,7.40,447
482,7.17,447
483,7.21,446
484,7.14,445
485,6.97,445
486,2.45,445
487,2.44,445
488,7.15,442
489,7.08,442
490,7.25,441
491,7.04,440
492,7.43,438
493,7.52,435
494,7.16,435
495,7.60,434
496,7.42,432
497,2.38,432
498,7.67,431
499,2.34,430
500,7.29,430
501,7.23,428
502,7.31,427
503,7.45,426
504,7.48,425
505,7.19,421
506,7.33,421
507,7.53,420
508,7.56,420
509,7.71,419
510,7.32,418
511,7.76,418
512,7.35,418
513,7.24,415
514,7.46,414
515,7.68,414
516,7.27,413
517,7.59,412
518,2.36,411
519,7.44,411
520,2.20,411
521,2.37,409
522,7.70,409
523,7.90,405
524,7.28,405
525,7.64,403
526,7.94,402
527,2.33,402
528,7.49,400
529,2.26,400
530,7.39,400
531,7.77,399
532,2.41,398
533,7.26,397
534,7.75,397
535,2.35,396
536,7.65,396
537,7.51,396
538,2.29,394
539,7.63,393
540,7.73,393
541,7.41,393
542,2.32,392
543,7.74,392
544,7.62,392
545,7.66,392
546,7.58,390
547,7.57,390
548,2.30,389
549,7.47,389
550,7.69,387
551,7.95,386
552,2.28,385
553,7.92,385
554,7.61,384
555,8.00,382
556,2.31,382
557,2.21,379
558,7.88,379
559,8.05,378
560,2.17,376
561,7.55,376
562,8.10,375
563,7.85,373
564,7.86,372
565,7.72,372
566,7.81,371
567,8.04,371
568,7.96,370
569,8.11,370
570,8.26,368
571,2.25,368
572,8.52,367
573,7.79,366
574,7.87,364
575,2.24,362
576,7.54,360
577,7.97,360
578,7.84,360
579,8.40,358
580,8.03,358
581,7.89,357
582,7.83,357
583,7.91,356
584,7.98,356
585,2.22,356
586,7.82,355
587,8.62,355
588,2.15,355
589,8.17,354
590,8.28,354
591,7.99,354
592,8.24,352
593,8.07,351
594,8.25,350
595,2.12,350
596,8.60,349
597,2.16,349
598,2.13,347
599,8.14,345
600,8.09,345
601,8.32,345
602,7.78,344
603,8.18,344
604,8.81,343
605,2.10,343
606,8.08,342
607,8.31,341
608,7.80,341
609,8.02,341
610,8.34,340
611,2.23,340
612,2.09,339
613,8.37,336
614,8.44,336
615,8.30,335
616,8.66,335
617,7.93,335
618,8.22,335
619,8.43,334
620,2.18,334
621,8.27,334
622,8.38,333
623,8.50,330
624,2.14,330
625,8.16,328
626,8.01,328
627,8.15,328
628,8.06,327
629,2.19,327
630,8.23,327
631,8.55,327
632,8.29,327
633,8.42,326
634,8.35,325
635,8.21,325
636,8.12,325
637,2.27,324
638,8.33,324
639,Unable to report,323
640,2.11,322
641,8.20,319
642,8.59,319
643,8.46,319
644,8.19,316
645,8.69,314
646,8.39,313
647,2.08,313
648,8.72,312
649,8.36,312
650,8.13,310
651,2.03,309
652,8.67,309
653,8.51,308
654,8.71,307
655,8.70,307
656,8.41,307
657,8.57,307
658,8.49,306
659,8.64,305
660,9.00,305
661,2.00,304
662,2.07,304
663,2.06,303
664,9.11,302
665,9.16,300
666,8.56,299
667,8.47,299
668,8.90,297
669,8.54,296
670,8.84,295
671,8.65,295
672,8.82,295
673,8.96,294
674,8.48,293
675,2.05,293
676,8.68,292
677,8.53,290
678,8.80,289
679,8.94,288
680,8.76,287
681,8.86,287
682,8.83,287
683,8.45,286
684,9.05,286
685,8.87,285
686,8.79,284
687,8.85,284
688,1.96,283
689,8.88,282
690,8.63,282
691,1.99,281
692,1.95,281
693,8.74,281
694,9.06,280
695,8.92,279
696,8.73,278
697,9.40,278
698,8.77,278
699,8.75,278
700,9.03,275
701,8.91,273
702,9.20,273
703,1.94,273
704,9.39,272
705,1.90,272
706,9.28,272
707,8.95,271
708,1.88,270
709,8.58,270
710,8.78,270
711,1.98,269
712,9.10,268
713,2.04,268
714,9.02,267
715,1.97,267
716,9.33,267
717,9.18,267
718,2.02,266
719,8.61,266
720,9.26,266
721,8.99,265
722,1.89,264
723,9.04,264
724,9.01,264
725,9.19,262
726,9.25,262
727,9.70,261
728,9.12,261
729,9.38,260
730,8.89,259
731,9.15,259
732,9.27,259
733,8.98,258
734,2.01,258
735,9.13,258
736,9.48,258
737,9.07,257
738,9.23,256
739,1.93,256
740,9.24,256
741,9.36,255
742,9.60,255
743,9.54,253
744,1.91,253
745,9.37,253
746,8.97,252
747,9.32,252
748,9.47,251
749,9.08,250
750,1.85,250
751,9.56,249
752,9.61,249
753,9.17,246
754,9.46,246
755,9.62,246
756,9.22,245
757,9.50,245
758,9.09,245
759,9.21,244
760,9.41,244
761,1.92,243
762,9.52,243
763,9.78,243
764,9.31,240
765,9.53,240
766,8.93,239
767,9.34,239
768,9.45,238
769,1.83,237
770,9.44,237
771,9.58,237
772,9.43,236
773,9.98,236
774,9.55,236
775,9.71,235
776,9.91,233
777,9.30,233
778,9.14,233
779,9.29,233
780,1.82,232
781,9.35,232
782,1.87,232
783,10.34,231
784,9.51,231
785,9.80,230
786,1.79,230
787,9.76,229
788,9.77,228
789,9.79,228
790,1.86,228
791,9.73,228
792,10.00,227
793,9.59,227
794,9.72,227
795,9.64,225
796,1.76,225
797,9.89,225
798,10.07,224
799,9.88,224
800,10.10,223
801,9.66,223
802,9.87,222
803,1.78,222
804,9.83,222
805,9.68,221
806,9.75,221
807,9.69,221
808,9.82,220
809,1.71,219
810,9.57,219
811,10.04,219
812,9.42,217
813,1.84,217
814,10.01,216
815,9.86,216
816,9.49,215
817,9.92,215
818,9.94,214
819,10.25,213
820,1.77,213
821,10.18,213
822,9.85,212
823,9.97,212
824,10.03,212
825,9.90,211
826,1.81,211
827,10.24,210
828,9.67,210
829,10.23,208
830,10.17,208
831,10.06,207
832,9.74,207
833,9.96,207
834,10.12,206
835,1.80,206
836,9.63,205
837,10.02,205
838,1.74,205
839,10.16,205
840,10.08,204
841,9.95,204
842,9.65,204
843,10.30,203
844,10.15,202
845,1.69,202
846,1.72,202
847,10.52,201
848,10.47,201
849,10.46,200
850,10.11,200
851,1.73,198
852,10.22,198
853,10.39,198
854,10.62,197
855,10.13,197
856,10.14,197
857,9.84,197
858,10.26,196
859,10.40,196
860,1.67,194
861,10.43,194
862,10.54,194
863,10.91,193
864,10.67,192
865,1.75,192
866,10.27,191
867,10.20,191
868,9.99,191
869,10.05,191
870,10.36,190
871,10.74,190
872,9.93,190
873,1.60,190
874,9.81,190
875,10.53,189
876,1.68,189
877,10.32,188
878,10.61,187
879,10.28,187
880,10.31,187
881,1.57,186
882,10.09,186
883,1.66,185
884,10.84,185
885,10.58,185
886,10.35,184
887,10.60,184
888,10.38,183
889,10.81,182
890,10.55,182
891,1.63,181
892,10.21,181
893,10.69,181
894,10.42,181
895,10.71,180
896,11.14,180
897,10.33,180
898,11.02,180
899,10.57,180
900,10.59,179
901,10.56,178
902,1.70,177
903,10.79,176
904,1.64,176
905,10.73,176
906,10.19,176
907,10.48,174
908,10.37,173
909,10.77,172
910,10.41,172
911,10.64,171
912,10.50,171
913,10.70,171
914,10.45,171
915,10.49,170
916,10.44,169
917,10.89,169
918,10.86,168
919,10.94,168
920,10.90,168
921,10.98,168
922,10.66,167
923,10.65,166
924,10.80,165
925,1.59,165
926,10.82,165
927,11.10,165
928,10.99,164
929,1.65,164
930,10.78,163
931,10.29,163
932,10.63,162
933,10.51,162
934,11.00,161
935,1.58,161
936,10.95,159
937,11.06,159
938,10.87,159
939,4.8,158
940,11.43,157
941,11.40,157
942,11.73,157
943,11.15,157
944,11.32,156
945,10.93,155
946,11.30,155
947,11.17,155
948,11.04,154
949,10.75,154
950,5.3,153
951,11.19,153
952,11.18,152
953,11.13,152
954,11.26,152
955,10.68,151
956,10.72,151
957,10.96,151
958,11.22,150
959,11.50,150
960,11.01,150
961,1.52,150
962,11.24,149
963,11.25,149
964,10.85,149
965,10.83,148
966,11.16,148
967,1.62,148
968,11.07,148
969,1.56,148
970,11.58,148
971,11.62,148
972,11.53,148
973,11.03,147
974,10.76,146
975,11.69,146
976,4.6,146
977,11.05,145
978,1.50,145
979,1.53,145
980,11.28,145
981,1.61,145
982,11.34,144
983,10.97,144
984,11.20,144
985,4.5,143
986,11.90,143
987,11.23,143
988,1.49,143
989,11.29,143
990,1.55,143
991,10.92,143
992,11.36,142
993,11.54,142
994,1.54,142
995,11.59,141
996,11.68,141
997,11.12,141
998,11.09,141
999,11.31,140
1000,11.57,140
1001,10.88,139
1002,11.46,139
1003,5.0,139
1004,11.96,139
1005,5.1,139
1006,12.08,139
1007,4.7,138
1008,11.08,138
1009,11.27,137
1010,11.21,136
1011,11.35,136
1012,11.33,136
1013,5.8,135
1014,11.81,134
1015,11.65,134
1016,11.86,134
1017,11.70,134
1018,11.61,134
1019,4.4,133
1020,4.9,133
1021,11.51,133
1022,11.85,131
1023,11.79,131
1024,6.0,131
1025,11.83,131
1026,11.45,131
1027,1.47,129
1028,1.45,129
1029,12.20,129
1030,11.66,129
1031,11.84,128
1032,11.11,128
1033,1.37,128
1034,11.47,128
1035,11.42,127
1036,11.87,127
1037,11.38,127
1038,1.44,127
1039,1.42,127
1040,3.6,127
1041,12.18,127
1042,5.4,127
1043,Too Few Cells To Do Differential,127
1044,4.1,127
1045,11.48,126
1046,11.89,126
1047,12.47,126
1048,12.01,126
1049,11.72,126
1050,12.10,126
1051,5.6,125
1052,11.56,125
1053,12.30,124
1054,1.39,124
1055,5.5,124
1056,12.12,124
1057,11.52,124
1058,11.37,123
1059,11.74,123
1060,12.00,123
1061,4.2,123
1062,11.92,123
1063,11.77,123
1064,1.46,123
1065,5.2,122
1066,11.60,122
1067,11.64,122
1068,11.93,122
1069,12.21,122
1070,11.55,122
1071,12.29,122
1072,5.7,121
1073,12.11,121
1074,11.39,121
1075,11.82,121
1076,11.49,121
1077,11.91,121
1078,5.9,120
1079,1.28,120
1080,1.48,120
1081,4.0,120
1082,1.38,120
1083,11.63,119
1084,6.1,119
1085,11.41,119
1086,11.71,119
1087,1.43,118
1088,12.06,118
1089,11.94,118
1090,12.04,118
1091,12.35,118
1092,12.03,118
1093,3.3,118
1094,11.44,118
1095,4.3,117
1096,3.7,117
1097,12.07,117
1098,12.34,117
1099,12.16,116
1100,12.42,116
1101,3.5,116
1102,1.33,116
1103,11.75,116
1104,11.88,116
1105,11.78,116
1106,12.33,115
1107,1.24,114
1108,12.27,114
1109,12.40,114
1110,7.4,113
1111,12.02,113
1112,11.67,113
1113,12.25,113
1114,12.14,112
1115,7.1,112
1116,12.60,112
1117,12.13,112
1118,12.31,112
1119,12.09,112
1120,12.37,111
1121,6.4,111
1122,12.19,111
1123,6.2,111
1124,11.80,111
1125,12.38,110
1126,1.41,110
1127,12.64,110
1128,3.8,109
1129,11.98,109
1130,11.95,109
1131,12.56,109
1132,12.41,108
1133,12.24,108
1134,12.17,108
1135,12.15,108
1136,12.43,108
1137,12.44,108
1138,12.75,108
1139,1.32,108
1140,6.5,108
1141,12.22,107
1142,1.36,107
1143,12.48,107
1144,13.00,107
1145,11.99,107
1146,12.36,106
1147,3.9,106
1148,1.35,106
1149,12.90,106
1150,13.10,105
1151,12.50,105
1152,12.39,105
1153,11.76,105
1154,12.49,104
1155,11.97,104
1156,6.9,103
1157,1.34,103
1158,12.80,103
1159,12.51,103
1160,12.86,102
1161,1.51,102
1162,6.3,101
1163,12.76,101
1164,8.1,100
1165,7.0,100
1166,1.30,100
1167,12.54,100
1168,12.68,99
1169,12.83,99
1170,1.26,99
1171,1.31,99
1172,12.52,99
1173,12.46,99
1174,13.35,99
1175,12.05,98
1176,12.91,98
1177,12.70,98
1178,12.74,97
1179,12.59,97
1180,3.4,96
1181,13.24,96
1182,12.55,96
1183,13.30,96
1184,3.1,96
1185,13.16,95
1186,1.40,95
1187,6.7,95
1188,13.04,95
1189,12.73,95
1190,3.2,94
1191,12.65,94
1192,12.32,94
1193,12.77,94
1194,12.61,94
1195,1.23,93
1196,12.23,93
1197,12.66,93
1198,12.84,93
1199,12.69,92
1200,13.09,92
1201,13.11,92
1202,7.2,92
1203,12.45,92
1204,12.72,91
1205,12.63,91
1206,13.22,90
1207,13.17,90
1208,12.92,90
1209,12.28,90
1210,13.28,90
1211,12.26,90
1212,12.95,89
1213,12.97,89
1214,13.13,89
1215,12.67,89
1216,13.07,89
1217,12.87,89
1218,12.58,89
1219,12.81,88
1220,12.71,88
1221,13.02,88
1222,13.71,88
1223,12.94,87
1224,13.05,87
1225,13.45,87
1226,13.23,87
1227,13.89,86
1228,7.3,86
1229,12.98,86
1230,12.85,86
1231,12.78,85
1232,8.2,85
1233,6.8,85
1234,1.25,85
1235,12.53,85
1236,13.14,85
1237,12.88,84
1238,12.79,84
1239,7.5,84
1240,13.06,83
1241,1.29,83
1242,13.26,83
1243,1.21,83
1244,13.12,83
1245,13.52,83
1246,12.57,82
1247,13.32,82
1248,6.6,82
1249,13.29,82
1250,8.4,81
1251,13.60,81
1252,13.39,81
1253,13.27,81
1254,1.19,81
1255,13.58,81
1256,13.37,81
1257,14.12,80
1258,12.89,80
1259,13.44,80
1260,2.9,80
1261,7.7,80
1262,13.65,80
1263,13.88,80
1264,12.62,79
1265,13.21,79
1266,13.20,79
1267,13.50,79
1268,13.75,79
1269,12.93,79
1270,12.99,79
1271,13.47,79
1272,14.08,78
1273,13.19,78
1274,13.96,78
1275,14.17,78
1276,1.13,78
1277,13.15,78
1278,13.82,78
1279,13.73,77
1280,14.71,77
1281,13.94,77
1282,13.87,77
1283,13.59,77
1284,8.6,76
1285,13.08,76
1286,13.92,76
1287,13.01,76
1288,12.96,76
1289,12.82,76
1290,13.51,75
1291,13.38,75
1292,13.66,75
1293,13.84,75
1294,7.8,75
1295,14.24,75
1296,13.03,74
1297,13.33,74
1298,13.25,74
1299,13.48,74
1300,13.18,74
1301,7.6,74
1302,1.20,73
1303,13.95,73
1304,8.3,73
1305,13.56,73
1306,13.42,73
1307,13.91,72
1308,7.9,72
1309,1.15,72
1310,14.09,72
1311,13.40,72
1312,14.25,72
1313,13.67,72
1314,13.90,71
1315,1.22,71
1316,14.67,71
1317,13.49,71
1318,13.46,71
1319,13.72,71
1320,13.53,71
1321,13.74,71
1322,13.77,71
1323,13.43,70
1324,1.05,70
1325,14.77,70
1326,14.01,70
1327,13.97,70
1328,1.27,70
1329,14.06,69
1330,1.03,69
1331,13.62,69
1332,1.16,69
1333,13.54,69
1334,13.55,69
1335,14.41,69
1336,13.68,69
1337,14.05,68
1338,13.36,68
1339,1.08,68
1340,13.57,68
1341,13.76,67
1342,1.11,67
1343,13.81,67
1344,14.07,67
1345,14.14,67
1346,14.61,66
1347,13.78,66
1348,2.8,66
1349,14.28,66
1350,14.30,66
1351,13.69,66
1352,14.46,66
1353,Unable to assay. Quantity not sufficient.,66
1354,1.07,66
1355,1.18,65
1356,13.34,65
1357,1.12,65
1358,2.7,65
1359,14.03,65
1360,1.10,65
1361,9.2,65
1362,13.79,65
1363,13.85,65
1364,13.70,64
1365,13.99,64
1366,13.93,64
1367,14.04,64
1368,14.22,64
1369,14.20,64
1370,14.00,64
1371,14.15,64
1372,3.0,64
1373,8.7,64
1374,15.03,64
1375,1.17,64
1376,9.1,63
1377,14.10,63
1378,9.3,63
1379,14.13,62
1380,14.21,62
1381,13.61,62
1382,14.33,62
1383,14.40,62
1384,1.14,62
1385,0.99,62
1386,13.41,62
1387,14.27,61
1388,14.26,61
1389,2.6,61
1390,14.18,61
1391,9.0,61
1392,13.80,61
1393,8.0,61
1394,13.63,61
1395,14.59,60
1396,14.16,60
1397,13.64,60
1398,1.04,60
1399,14.45,60
1400,14.32,60
1401,14.50,60
1402,1.09,60
1403,14.53,59
1404,15.16,59
1405,14.51,59
1406,13.86,59
1407,14.56,58
1408,14.38,58
1409,14.86,58
1410,9.4,57
1411,8.9,57
1412,14.57,57
1413,15.33,56
1414,14.19,56
1415,14.42,56
1416,14.49,56
1417,14.64,56
1418,14.02,56
1419,14.68,56
1420,14.73,56
1421,15.08,56
1422,14.23,55
1423,15.31,55
1424,14.11,55
1425,14.72,55
1426,15.02,55
1427,2.2,55
1428,14.90,55
1429,14.47,55
1430,14.83,55
1431,14.81,55
1432,14.29,54
1433,8.8,54
1434,14.97,54
1435,8.5,54
1436,14.66,54
1437,13.98,54
1438,13.31,54
1439,15.27,54
1440,14.35,53
1441,10.5,53
1442,1.02,53
1443,14.99,53
1444,14.96,53
1445,1.00,53
1446,14.95,53
1447,14.65,52
1448,15.23,52
1449,9.8,52
1450,15.06,52
1451,1.01,52
1452,9.7,52
1453,14.85,52
1454,14.58,52
1455,1.06,52
1456,Duplicate request,52
1457,15.34,52
1458,15.43,52
1459,14.87,51
1460,15.21,51
1461,0.97,51
1462,14.98,51
1463,2.4,51
1464,15.44,51
1465,15.97,51
1466,0.95,51
1467,10.0,51
1468,14.63,51
1469,10.8,50
1470,14.37,50
1471,14.36,50
1472,14.31,50
1473,15.18,50
1474,15.51,50
1475,14.55,50
1476,2.5,50
1477,14.79,50
1478,14.76,49
1479,14.43,49
1480,15.01,49
1481,14.60,49
1482,15.19,49
1483,14.84,48
1484,15.53,48
1485,14.48,48
1486,15.22,48
1487,11.4,48
1488,15.10,48
1489,14.80,48
1490,14.44,48
1491,14.69,48
1492,14.54,47
1493,15.13,47
1494,15.55,47
1495,14.34,47
1496,9.6,47
1497,15.56,47
1498,9.5,47
1499,13.83,46
1500,14.75,46
1501,2.0,46
1502,15.29,46
1503,10.9,46
1504,15.41,46
1505,14.94,46
1506,14.78,46
1507,14.62,46
1508,15.93,45
1509,15.36,45
1510,14.74,45
1511,15.90,45
1512,14.52,45
1513,15.77,45
1514,15.46,44
1515,15.00,44
1516,15.25,44
1517,15.81,44
1518,9.9,44
1519,0.80,44
1520,0.93,44
1521,10.7,44
1522,2.1,44
1523,15.47,43
1524,15.42,43
1525,15.72,43
1526,15.28,43
1527,0.98,43
1528,14.91,43
1529,14.70,43
1530,14.93,43
1531,15.66,43
1532,16.17,43
1533,15.09,42
1534,15.71,42
1535,12.0,42
1536,0.86,42
1537,15.24,42
1538,15.92,42
1539,16.19,41
1540,15.20,41
1541,15.45,41
1542,15.52,41
1543,15.26,41
1544,16.24,41
1545,15.89,41
1546,15.15,41
1547,10.2,41
1548,15.67,41
1549,11.1,41
1550,16.16,41
1551,14.82,41
1552,15.91,40
1553,14.89,40
1554,15.05,40
1555,15.07,39
1556,15.70,39
1557,0.85,39
1558,15.50,39
1559,16.38,39
1560,10.1,39
1561,15.63,39
1562,12.1,39
1563,15.78,39
1564,0.92,39
1565,15.60,39
1566,0.67,39
1567,15.65,38
1568,10.3,38
1569,15.58,38
1570,0.94,38
1571,0.84,38
1572,16.69,38
1573,16.22,38
1574,15.75,38
1575,15.80,38
1576,15.85,38
1577,15.86,38
1578,0.88,37
1579,10.4,37
1580,16.60,37
1581,15.54,37
1582,0.00,37
1583,15.14,37
1584,Unable to assay. No specimen received.,37
1585,15.30,37
1586,14.88,37
1587,0.79,37
1588,15.83,37
1589,14.92,36
1590,15.74,36
1591,16.29,36
1592,16.18,36
1593,15.40,36
1594,14.39,36
1595,15.99,36
1596,16.00,35
1597,11.0,35
1598,11.5,35
1599,15.61,35
1600,15.59,35
1601,16.59,35
1602,16.54,35
1603,17.32,35
1604,11.3,35
1605,16.27,35
1606,15.84,35
1607,15.62,35
1608,16.10,35
1609,16.35,35
1610,17.03,35
1611,15.17,35
1612,15.73,34
1613,15.76,34
1614,16.44,34
1615,0.91,34
1616,16.49,34
1617,11.6,34
1618,16.14,34
1619,12.5,34
1620,15.69,34
1621,16.63,34
1622,1.8,34
1623,15.37,34
1624,16.67,34
1625,2.3,34
1626,17.16,34
1627,10.6,34
1628,15.48,34
1629,0.83,33
1630,15.96,33
1631,16.36,33
1632,16.02,33
1633,0.82,33
1634,16.96,33
1635,16.01,33
1636,16.03,33
1637,15.68,33
1638,0.87,33
1639,17.13,33
1640,16.52,32
1641,15.95,32
1642,15.94,32
1643,15.39,32
1644,15.38,32
1645,16.09,32
1646,16.37,32
1647,15.11,32
1648,16.15,32
1649,15.12,32
1650,16.87,32
1651,0.77,32
1652,17.66,32
1653,15.98,32
1654,0.89,32
1655,17.17,31
1656,16.07,31
1657,15.64,31
1658,16.08,31
1659,16.30,31
1660,16.97,31
1661,16.33,31
1662,15.35,31
1663,16.32,31
1664,16.65,31
1665,16.56,31
1666,0.96,31
1667,15.32,31
1668,15.49,30
1669,16.04,30
1670,16.94,30
1671,16.46,30
1672,16.39,30
1673,12.2,30
1674,0.72,30
1675,17.64,30
1676,15.57,30
1677,16.73,30
1678,15.82,29
1679,16.26,29
1680,16.81,29
1681,16.91,29
1682,0.74,29
1683,16.53,29
1684,17.04,29
1685,16.92,29
1686,15.87,29
1687,11.7,29
1688,12.3,29
1689,16.05,29
1690,16.23,29
1691,15.79,28
1692,0.90,28
1693,16.77,28
1694,Unable to assay. Specimen incorrectly identified.,28
1695,1.7,28
1696,17.00,28
1697,16.64,28
1698,11.8,28
1699,0.76,28
1700,15.88,28
1701,17.10,27
1702,16.70,27
1703,17.01,27
1704,17.02,27
1705,16.62,27
1706,16.41,27
1707,16.79,27
1708,17.39,27
1709,16.88,27
1710,16.42,27
1711,17.54,27
1712,16.83,27
1713,16.76,27
1714,11.9,27
1715,0.81,27
1716,13.1,27
1717,16.12,27
1718,1.9,27
1719,16.61,26
1720,16.58,26
1721,16.57,26
1722,0.07,26
1723,16.13,26
1724,13.2,26
1725,16.66,26
1726,17.06,26
1727,0.71,26
1728,16.21,26
1729,16.25,26
1730,0.65,26
1731,17.51,26
1732,15.04,26
1733,17.11,26
1734,12.6,25
1735,16.68,25
1736,0.57,25
1737,17.07,25
1738,Microtainer specimen,25
1739,17.08,25
1740,17.43,25
1741,16.31,25
1742,13.4,25
1743,16.98,25
1744,13.3,25
1745,16.11,25
1746,17.14,25
1747,12.4,25
1748,17.18,25
1749,11.2,25
1750,16.48,25
1751,17.20,25
1752,16.85,25
1753,17.99,25
1754,16.43,25
1755,16.28,25
1756,16.99,24
1757,17.47,24
1758,12.7,24
1759,17.24,24
1760,12.9,24
1761,16.75,24
1762,0.46,24
1763,17.09,24
1764,17.52,24
1765,16.20,24
1766,16.45,24
1767,18.00,24
1768,17.29,24
1769,17.46,23
1770,0.64,23
1771,17.05,23
1772,0.78,23
1773,17.15,23
1774,17.23,23
1775,17.42,23
1776,16.34,23
1777,17.53,23
1778,0.52,23
1779,16.40,23
1780,16.47,23
1781,17.83,23
1782,16.51,23
1783,17.78,23
1784,16.89,23
1785,0.61,23
1786,13.8,23
1787,17.58,23
1788,14.2,23
1789,13.0,23
1790,17.63,23
1791,17.57,23
1792,17.27,23
1793,18.04,22
1794,17.22,22
1795,16.86,22
1796,18.08,22
1797,16.95,22
1798,18.18,22
1799,0.39,22
1800,16.06,22
1801,0.69,22
1802,18.60,22
1803,17.72,22
1804,0.73,22
1805,17.33,21
1806,0.22,21
1807,17.69,21
1808,17.31,21
1809,18.21,21
1810,17.75,21
1811,18.72,21
1812,18.58,21
1813,18.19,21
1814,17.82,21
1815,18.22,21
1816,17.91,21
1817,16.82,21
1818,13.7,21
1819,16.90,21
1820,16.74,21
1821,12.8,21
1822,16.55,21
1823,16.93,21
1824,14.3,21
1825,16.71,21
1826,0.75,21
1827,16.72,21
1828,19.05,21
1829,16.80,20
1830,0.12,20
1831,0.70,20
1832,0.44,20
1833,17.50,20
1834,13.5,20
1835,16.50,20
1836,17.61,20
1837,14.0,20
1838,17.76,20
1839,17.26,20
1840,17.35,20
1841,17.28,20
1842,18.25,20
1843,17.25,20
1844,0.59,20
1845,0.53,20
1846,18.09,20
1847,0.55,20
1848,0.68,19
1849,18.56,19
1850,17.30,19
1851,17.19,19
1852,0.58,19
1853,17.41,19
1854,14.6,19
1855,17.37,19
1856,0.66,19
1857,17.81,19
1858,13.6,19
1859,17.45,19
1860,18.01,19
1861,17.40,19
1862,17.62,19
1863,0.50,18
1864,17.74,18
1865,0.14,18
1866,17.71,18
1867,18.74,18
1868,17.68,18
1869,13.9,18
1870,18.53,18
1871,17.86,18
1872,0.02,18
1873,16.84,18
1874,18.91,18
1875,17.12,18
1876,17.59,18
1877,0.43,17
1878,17.49,17
1879,18.07,17
1880,19.59,17
1881,0.51,17
1882,16.78,17
1883,0.54,17
1884,17.95,17
1885,17.85,17
1886,0.29,17
1887,18.33,17
1888,0.38,17
1889,17.92,17
1890,17.88,17
1891,0.20,17
1892,Manual review follows,17
1893,17.34,17
1894,18.79,17
1895,18.61,17
1896,17.56,17
1897,20.16,16
1898,0.63,16
1899,18.77,16
1900,18.20,16
1901,18.03,16
1902,17.90,16
1903,18.71,16
1904,19.12,16
1905,18.12,16
1906,19.11,16
1907,18.28,16
1908,18.51,16
1909,18.40,16
1910,0.34,16
1911,18.35,16
1912,0.28,16
1913,17.48,16
1914,0.21,16
1915,0.03,16
1916,17.70,16
1917,18.16,15
1918,19.23,15
1919,17.38,15
1920,17.36,15
1921,19.21,15
1922,0.62,15
1923,17.89,15
1924,0.06,15
1925,17.21,15
1926,18.54,15
1927,19.08,15
1928,18.43,15
1929,18.30,15
1930,0.05,15
1931,18.81,15
1932,18.13,15
1933,17.84,15
1934,0.35,15
1935,17.44,15
1936,19.00,15
1937,19.58,15
1938,18.63,14
1939,15.5,14
1940,17.94,14
1941,17.93,14
1942,18.70,14
1943,18.23,14
1944,18.24,14
1945,18.65,14
1946,19.24,14
1947,20.42,14
1948,16.1,14
1949,0.04,14
1950,17.87,14
1951,18.52,14
1952,17.60,14
1953,18.50,14
1954,18.46,14
1955,19.56,14
1956,17.67,14
1957,REVISED,14
1958,0.17,14
1959,0.32,14
1960,0.47,14
1961,18.05,14
1962,18.06,14
1963,1.6,14
1964,19.02,14
1965,18.10,14
1966,18.11,14
1967,15.1,14
1968,20.08,14
1969,1.4,14
1970,18.87,14
1971,18.89,14
1972,19.15,13
1973,18.37,13
1974,18.39,13
1975,0.31,13
1976,18.42,13
1977,0.48,13
1978,15.0,13
1979,19.26,13
1980,18.96,13
1981,0.08,13
1982,0.30,13
1983,20.49,13
1984,1.5,13
1985,18.80,13
1986,0.42,13
1987,0.01,13
1988,1.3,13
1989,0.09,13
1990,18.66,13
1991,19.31,13
1992,21.18,13
1993,0.60,13
1994,19.45,13
1995,19.06,13
1996,18.32,13
1997,17.79,13
1998,17.98,13
1999,18.15,13
2000,17.65,13
2001,18.29,13
2002,17.73,13
2003,17.77,13
2004,0.11,12
2005,19.37,12
2006,14.5,12
2007,18.55,12
2008,18.57,12
2009,17.97,12
2010,19.55,12
2011,0.36,12
2012,19.62,12
2013,19.63,12
2014,20.03,12
2015,0.16,12
2016,0.18,12
2017,0.33,12
2018,0.27,12
2019,19.36,12
2020,18.94,12
2021,19.91,12
2022,20.22,12
2023,19.95,12
2024,17.80,12
2025,18.93,12
2026,18.92,12
2027,0.15,12
2028,20.57,12
2029,18.86,12
2030,20.39,12
2031,19.03,12
2032,19.27,12
2033,19.29,12
2034,0.49,12
2035,18.45,12
2036,15.2,12
2037,18.47,12
2038,18.41,12
2039,0.40,12
2040,14.9,12
2041,0.41,11
2042,19.71,11
2043,18.88,11
2044,20.34,11
2045,18.48,11
2046,20.35,11
2047,19.10,11
2048,18.44,11
2049,18.64,11
2050,19.60,11
2051,20.02,11
2052,19.04,11
2053,19.77,11
2054,18.69,11
2055,18.62,11
2056,19.80,11
2057,19.81,11
2058,20.17,11
2059,18.84,11
2060,0.24,11
2061,20.26,11
2062,18.31,11
2063,0.25,11
2064,18.90,11
2065,19.94,11
2066,18.73,11
2067,21.79,11
2068,20.51,11
2069,18.26,11
2070,19.51,11
2071,19.28,11
2072,19.46,11
2073,19.47,11
2074,14.8,11
2075,Requisitioning entry error,11
2076,14.4,11
2077,20.46,11
2078,19.43,11
2079,19.38,11
2080,19.33,11
2081,16.0,11
2082,0.56,11
2083,18.38,10
2084,19.41,10
2085,15.7,10
2086,19.86,10
2087,20.30,10
2088,19.84,10
2089,18.17,10
2090,19.92,10
2091,14.7,10
2092,19.25,10
2093,18.27,10
2094,19.42,10
2095,19.13,10
2096,20.82,10
2097,18.59,10
2098,18.75,10
2099,18.02,10
2100,19.48,10
2101,20.85,10
2102,18.67,10
2103,20.54,10
2104,14.1,10
2105,19.54,10
2106,19.14,10
2107,17.96,10
2108,19.97,10
2109,19.52,10
2110,20.72,9
2111,20.70,9
2112,18.76,9
2113,20.73,9
2114,23.00,9
2115,0.45,9
2116,18.83,9
2117,18.36,9
2118,19.09,9
2119,20.59,9
2120,20.44,9
2121,20.32,9
2122,20.33,9
2123,20.55,9
2124,20.77,9
2125,22.29,9
2126,15.6,9
2127,20.37,9
2128,20.76,9
2129,19.85,9
2130,22.25,9
2131,19.79,9
2132,20.11,9
2133,20.09,9
2134,18.98,9
2135,16.5,9
2136,19.67,9
2137,20.06,9
2138,21.81,9
2139,21.28,9
2140,19.57,9
2141,22.15,9
2142,19.49,9
2143,21.74,9
2144,19.40,9
2145,19.01,9
2146,19.39,9
2147,19.32,9
2148,21.66,9
2149,20.79,9
2150,20.15,9
2151,19.82,9
2152,21.00,9
2153,19.96,9
2154,18.85,9
2155,20.88,9
2156,15.4,9
2157,20.92,9
2158,20.96,9
2159,19.93,9
2160,21.02,9
2161,18.49,9
2162,21.21,9
2163,20.05,8
2164,20.19,8
2165,20.31,8
2166,22.90,8
2167,18.14,8
2168,20.20,8
2169,20.29,8
2170,0.26,8
2171,16.2,8
2172,16.3,8
2173,20.90,8
2174,22.17,8
2175,21.59,8
2176,21.16,8
2177,22.20,8
2178,18.97,8
2179,20.50,8
2180,21.26,8
2181,19.50,8
2182,21.45,8
2183,22.12,8
2184,21.65,8
2185,19.87,8
2186,19.35,8
2187,21.68,8
2188,21.82,8
2189,19.19,8
2190,19.18,8
2191,17.3,8
2192,22.02,8
2193,19.07,8
2194,19.74,8
2195,15.3,8
2196,20.86,8
2197,20.56,8
2198,23.27,8
2199,1.2,8
2200,1.1,8
2201,23.10,8
2202,0.1,8
2203,Unable to assay. Specimen improperly collected/handled.,8
2204,20.87,8
2205,Unable to quantitate due to possible contamination.,8
2206,20.89,8
2207,20.91,8
2208,20.99,8
2209,20.53,8
2210,0.10,8
2211,19.89,8
2212,23.56,7
2213,19.16,7
2214,22.60,7
2215,17.2,7
2216,19.22,7
2217,16.4,7
2218,17.0,7
2219,17.55,7
2220,19.83,7
2221,18.9,7
2222,19.44,7
2223,19.76,7
2224,23.37,7
2225,19.98,7
2226,19.53,7
2227,0.37,7
2228,23.97,7
2229,23.32,7
2230,19.65,7
2231,22.72,7
2232,19.66,7
2233,19.68,7
2234,19.73,7
2235,22.77,7
2236,22.80,7
2237,17.7,7
2238,20.81,7
2239,21.29,7
2240,21.40,7
2241,21.36,7
2242,22.10,7
2243,15.9,7
2244,21.60,7
2245,21.86,7
2246,21.06,7
2247,20.41,7
2248,20.13,7
2249,20.01,7
2250,21.43,7
2251,18.82,7
2252,18.78,7
2253,20.98,7
2254,22.09,7
2255,21.10,7
2256,20.14,7
2257,21.11,7
2258,21.61,7
2259,20.25,7
2260,21.32,7
2261,21.77,7
2262,20.24,7
2263,22.19,7
2264,21.96,7
2265,21.20,7
2266,21.71,7
2267,18.68,7
2268,20.47,7
2269,21.15,7
2270,21.14,7
2271,20.69,6
2272,20.68,6
2273,20.67,6
2274,Unable to assay. Possible interfering substance(s) present.,6
2275,20.66,6
2276,20.75,6
2277,20.63,6
2278,20.62,6
2279,23.18,6
2280,17.6,6
2281,18.5,6
2282,23.08,6
2283,21.54,6
2284,21.46,6
2285,21.52,6
2286,23.38,6
2287,21.31,6
2288,21.25,6
2289,21.24,6
2290,21.33,6
2291,21.17,6
2292,19.72,6
2293,21.35,6
2294,19.78,6
2295,18.7,6
2296,21.09,6
2297,21.38,6
2298,21.42,6
2299,19.88,6
2300,21.44,6
2301,19.90,6
2302,19.34,6
2303,22.14,6
2304,21.49,6
2305,20.84,6
2306,23.06,6
2307,20.94,6
2308,21.70,6
2309,22.42,6
2310,17.4,6
2311,23.45,6
2312,20.10,6
2313,20.07,6
2314,20.04,6
2315,20.00,6
2316,27.65,6
2317,22.40,6
2318,19.17,6
2319,25.24,6
2320,20.21,6
2321,21.91,6
2322,15.8,6
2323,22.52,6
2324,21.94,6
2325,18.4,6
2326,22.01,6
2327,25.66,6
2328,22.56,6
2329,23.65,6
2330,23.41,6
2331,21.83,6
2332,20.27,6
2333,19.30,6
2334,20.58,6
2335,24.89,6
2336,20.48,6
2337,22.30,6
2338,0.13,6
2339,20.43,6
2340,24.86,6
2341,16.6,6
2342,0.23,6
2343,21.73,6
2344,18.8,6
2345,17.1,6
2346,20.28,6
2347,20.36,6
2348,0.19,6
2349,21.76,6
2350,21.92,5
2351,22.00,5
2352,21.78,5
2353,19.61,5
2354,21.62,5
2355,21.47,5
2356,21.67,5
2357,22.03,5
2358,19.20,5
2359,22.06,5
2360,23.92,5
2361,23.55,5
2362,21.90,5
2363,21.6,5
2364,18.3,5
2365,21.57,5
2366,21.37,5
2367,21.89,5
2368,21.84,5
2369,25.86,5
2370,22.16,5
2371,19.64,5
2372,22.95,5
2373,22.94,5
2374,20.38,5
2375,Ignore results. Specimen was contaminated,5
2376,22.93,5
2377,22.89,5
2378,24.41,5
2379,Cancelled by clinician,5
2380,22.82,5
2381,22.78,5
2382,22.34,5
2383,22.74,5
2384,22.70,5
2385,22.69,5
2386,18.34,5
2387,22.39,5
2388,24.54,5
2389,22.43,5
2390,18.1,5
2391,22.50,5
2392,22.61,5
2393,18.0,5
2394,22.59,5
2395,25.52,5
2396,26.26,5
2397,26.14,5
2398,22.55,5
2399,16.7,5
2400,23.01,5
2401,20.95,5
2402,Specimen received unlabelled.,5
2403,21.27,5
2404,18.99,5
2405,23.31,5
2406,21.13,5
2407,18.95,5
2408,24.96,5
2409,24.94,5
2410,21.05,5
2411,25.18,5
2412,21.03,5
2413,21.01,5
2414,20.97,5
2415,22.36,5
2416,25.73,5
2417,20.93,5
2418,22.24,5
2419,20.80,5
2420,20.7,5
2421,23.30,5
2422,22.27,5
2423,16.9,5
2424,23.22,5
2425,23.21,5
2426,16.8,5
2427,20.61,5
2428,20.60,5
2429,0.6,4
2430,19.0,4
2431,18.2,4
2432,0.0,4
2433,22.22,4
2434,22.92,4
2435,25.27,4
2436,25.33,4
2437,22.86,4
2438,25.43,4
2439,22.87,4
2440,24.22,4
2441,21.98,4
2442,21.97,4
2443,24.20,4
2444,21.93,4
2445,24.19,4
2446,25.63,4
2447,26.16,4
2448,25.64,4
2449,21.75,4
2450,24.17,4
2451,22.98,4
2452,21.69,4
2453,24.16,4
2454,24.15,4
2455,24.14,4
2456,21.55,4
2457,21.53,4
2458,24.12,4
2459,22.84,4
2460,22.83,4
2461,25.17,4
2462,25.14,4
2463,24.47,4
2464,22.57,4
2465,22.63,4
2466,22.53,4
2467,24.63,4
2468,24.66,4
2469,22.49,4
2470,22.48,4
2471,22.64,4
2472,24.73,4
2473,24.45,4
2474,22.41,4
2475,22.67,4
2476,24.44,4
2477,24.93,4
2478,22.35,4
2479,22.33,4
2480,22.31,4
2481,22.28,4
2482,22.75,4
2483,24.39,4
2484,22.21,4
2485,22.13,4
2486,26.00,4
2487,25.93,4
2488,26.19,4
2489,23.13,4
2490,23.80,4
2491,20.40,4
2492,24.06,4
2493,20.23,4
2494,23.23,4
2495,20.12,4
2496,23.73,4
2497,23.25,4
2498,23.69,4
2499,19.99,4
2500,19.8,4
2501,23.60,4
2502,19.70,4
2503,19.69,4
2504,23.39,4
2505,23.54,4
2506,23.52,4
2507,23.50,4
2508,"Test accessioning error,please disregard.",4
2509,20.52,4
2510,23.77,4
2511,20.71,4
2512,27.16,4
2513,21.22,4
2514,21.23,4
2515,26.92,4
2516,26.64,4
2517,21.07,4
2518,24.02,4
2519,23.99,4
2520,21.39,4
2521,23.87,4
2522,20.74,4
2523,24.04,4
2524,24.05,4
2525,23.57,3
2526,23.67,3
2527,23.58,3
2528,24.52,3
2529,24.46,3
2530,23.62,3
2531,23.98,3
2532,23.63,3
2533,24.43,3
2534,23.68,3
2535,24.33,3
2536,24.23,3
2537,23.83,3
2538,23.79,3
2539,23.91,3
2540,24.30,3
2541,23.75,3
2542,24.37,3
2543,24.18,3
2544,24.38,3
2545,23.93,3
2546,23.95,3
2547,24.42,3
2548,23.96,3
2549,23.84,3
2550,24.50,3
2551,19.1,3
2552,24.58,3
2553,28.23,3
2554,26.47,3
2555,26.49,3
2556,26.65,3
2557,26.85,3
2558,26.88,3
2559,27.07,3
2560,27.18,3
2561,27.30,3
2562,27.41,3
2563,27.58,3
2564,27.72,3
2565,27.79,3
2566,27.80,3
2567,27.85,3
2568,28.74,3
2569,24.60,3
2570,28.88,3
2571,28.95,3
2572,29.05,3
2573,29.48,3
2574,29.79,3
2575,29.90,3
2576,32.51,3
2577,32.68,3
2578,32.82,3
2579,33.14,3
2580,1.0,3
2581,0.9,3
2582,0.7,3
2583,"CANCELLED,Specimen not collected or received",3
2584,26.44,3
2585,26.40,3
2586,26.32,3
2587,25.97,3
2588,24.61,3
2589,24.68,3
2590,24.70,3
2591,24.77,3
2592,24.83,3
2593,24.92,3
2594,24.95,3
2595,25.00,3
2596,25.02,3
2597,25.04,3
2598,23.44,3
2599,25.07,3
2600,25.10,3
2601,25.13,3
2602,25.21,3
2603,25.22,3
2604,25.34,3
2605,25.39,3
2606,25.44,3
2607,25.48,3
2608,25.49,3
2609,25.51,3
2610,25.54,3
2611,25.67,3
2612,25.76,3
2613,25.77,3
2614,25.82,3
2615,25.89,3
2616,25.91,3
2617,23.49,3
2618,23.46,3
2619,23.05,3
2620,21.85,3
2621,21.88,3
2622,21.72,3
2623,23.16,3
2624,22.32,3
2625,22.37,3
2626,21.87,3
2627,23.14,3
2628,23.12,3
2629,22.54,3
2630,22.51,3
2631,22.85,3
2632,21.64,3
2633,23.07,3
2634,20.3,3
2635,23.04,3
2636,22.91,3
2637,21.30,3
2638,20.65,3
2639,23.02,3
2640,21.34,3
2641,19.6,3
2642,22.44,3
2643,21.4,3
2644,22.99,3
2645,22.46,3
2646,18.6,3
2647,20.5,3
2648,21.48,3
2649,21.95,3
2650,22.11,3
2651,22.73,3
2652,22.18,3
2653,21.58,3
2654,22.04,3
2655,17.9,3
2656,20.64,3
2657,19.3,3
2658,23.40,3
2659,21.63,3
2660,21.1,3
2661,21.50,3
2662,21.08,3
2663,23.43,3
2664,20.45,3
2665,22.05,3
2666,21.19,3
2667,23.24,3
2668,21.5,3
2669,20.4,3
2670,25.96,2
2671,25.94,2
2672,25.81,2
2673,21.56,2
2674,28.48,2
2675,25.80,2
2676,30.33,2
2677,30.31,2
2678,25.84,2
2679,25.85,2
2680,25.88,2
2681,25.87,2
2682,30.37,2
2683,28.81,2
2684,25.75,2
2685,34.61,2
2686,28.84,2
2687,27.90,2
2688,34.38,2
2689,22.0,2
2690,28.87,2
2691,25.37,2
2692,30.86,2
2693,25.4,2
2694,25.40,2
2695,27.81,2
2696,25.42,2
2697,2128,2
2698,30.77,2
2699,21.99,2
2700,28.89,2
2701,25.72,2
2702,28.90,2
2703,0.8,2
2704,25.57,2
2705,28.91,2
2706,30.62,2
2707,25.60,2
2708,25.61,2
2709,27.71,2
2710,27.60,2
2711,27.70,2
2712,21.8,2
2713,25.68,2
2714,27.7,2
2715,20.0,2
2716,21.51,2
2717,30.02,2
2718,30.22,2
2719,29.21,2
2720,26.84,2
2721,26.83,2
2722,45.35,2
2723,27.21,2
2724,36.22,2
2725,26.79,2
2726,29.20,2
2727,26.0,2
2728,29.19,2
2729,29.59,2
2730,27.31,2
2731,26.66,2
2732,27.33,2
2733,21.3,2
2734,36.37,2
2735,21.12,2
2736,26.89,2
2737,36.43,2
2738,29.39,2
2739,36.44,2
2740,29.26,2
2741,26.98,2
2742,29.34,2
2743,27.15,2
2744,36.79,2
2745,27.01,2
2746,27.02,2
2747,29.30,2
2748,27.13,2
2749,4572,2
2750,27.09,2
2751,27.34,2
2752,26.58,2
2753,26.57,2
2754,21.41,2
2755,34.92,2
2756,26.02,2
2757,26.03,2
2758,30.15,2
2759,35.02,2
2760,26.09,2
2761,26.13,2
2762,27.55,2
2763,26.20,2
2764,26.22,2
2765,27.51,2
2766,29.02,2
2767,29.98,2
2768,26.29,2
2769,26.33,2
2770,26.55,2
2771,27.46,2
2772,35.44,2
2773,26.37,2
2774,26.38,2
2775,26.39,2
2776,26.4,2
2777,26.41,2
2778,29.84,2
2779,35.51,2
2780,29.81,2
2781,26.48,2
2782,26.50,2
2783,35.56,2
2784,26.53,2
2785,28.83,2
2786,27.11,2
2787,24.32,2
2788,17.8,2
2789,28.36,2
2790,22.88,2
2791,24.24,2
2792,28.26,2
2793,28.25,2
2794,24.28,2
2795,24.29,2
2796,23.20,2
2797,23.74,2
2798,23.72,2
2799,40.75,2
2800,19.7,2
2801,<<DO NOT REPORT>>,2
2802,28.17,2
2803,22.76,2
2804,24.4,2
2805,Specimen contaminated,2
2806,24.40,2
2807,19.9,2
2808,22.68,2
2809,22.66,2
2810,22.65,2
2811,22.62,2
2812,24.49,2
2813,32.53,2
2814,23.85,2
2815,23.28,2
2816,24.21,2
2817,24.2,2
2818,0.4,2
2819,23.19,2
2820,23.86,2
2821,23.88,2
2822,23.89,2
2823,32.28,2
2824,23.90,2
2825,23.11,2
2826,23.81,2
2827,28.58,2
2828,32.16,2
2829,32.35,2
2830,23.03,2
2831,0.2,2
2832,24.00,2
2833,24.01,2
2834,32.15,2
2835,23.0,2
2836,Ignore results. Specimen clotted.,2
2837,28.29,2
2838,24.07,2
2839,24.08,2
2840,Identity unclear. Specimen labelled incorrectly.,2
2841,24.10,2
2842,32.11,2
2843,28.59,2
2844,Disregard results. Specimen incorrectly identified.,2
2845,28.61,2
2846,22.96,2
2847,31.69,2
2848,33.43,2
2849,24.53,2
2850,25.03,2
2851,24.87,2
2852,24.88,2
2853,24.90,2
2854,24.91,2
2855,22.38,2
2856,31.26,2
2857,33.91,2
2858,24.99,2
2859,23.35,2
2860,28.77,2
2861,22.3,2
2862,23.36,2
2863,22.26,2
2864,23.4,2
2865,24.84,2
2866,25.05,2
2867,25.06,2
2868,23.53,2
2869,25.08,2
2870,25.09,2
2871,23.51,2
2872,27.96,2
2873,22.1,2
2874,31.08,2
2875,31.05,2
2876,19.2,2
2877,27.95,2
2878,22.07,2
2879,28.40,2
2880,24.85,2
2881,22.4,2
2882,33.65,2
2883,33.46,2
2884,23.64,2
2885,22.6,2
2886,24.59,2
2887,22.58,2
2888,24.64,2
2889,Test inadvertently not performed,2
2890,31.53,2
2891,Unable to assay.  Unable to locate specimen.,2
2892,22.47,2
2893,24.69,2
2894,28.41,2
2895,24.72,2
2896,24.80,2
2897,23.61,2
2898,24.75,2
2899,24.76,2
2900,23.34,2
2901,24.78,2
2902,20.2,2
2903,31.34,2
2904,31.29,2
2905,0.5,2
2906,3608,1
2907,36.92,1
2908,3696,1
2909,39.75,1
2910,3685,1
2911,39.29,1
2912,39.81,1
2913,36.84,1
2914,39.80,1
2915,37.08,1
2916,36.81,1
2917,37.10,1
2918,3855,1
2919,3853,1
2920,38.92,1
2921,38.85,1
2922,38.81,1
2923,38.80,1
2924,3749,1
2925,3758,1
2926,3763,1
2927,38.63,1
2928,38.60,1
2929,38.58,1
2930,38.49,1
2931,3776,1
2932,38.03,1
2933,38.11,1
2934,37.98,1
2935,37.89,1
2936,39.21,1
2937,3865,1
2938,37.11,1
2939,37.18,1
2940,37.19,1
2941,37.28,1
2942,37.56,1
2943,37.63,1
2944,37.64,1
2945,37.68,1
2946,39.14,1
2947,39.06,1
2948,38.34,1
2949,39.05,1
2950,37.71,1
2951,37.73,1
2952,37.77,1
2953,Unit clotted,1
2954,10523,1
2955,36.8,1
2956,33.45,1
2957,33.57,1
2958,33.59,1
2959,33.61,1
2960,33.67,1
2961,33.93,1
2962,3303,1
2963,3375,1
2964,3391,1
2965,34.00,1
2966,34.08,1
2967,34.17,1
2968,34.18,1
2969,34.19,1
2970,34.21,1
2971,34.23,1
2972,34.3,1
2973,34.30,1
2974,34.39,1
2975,34.44,1
2976,34.48,1
2977,34.49,1
2978,33.49,1
2979,33.42,1
2980,36.55,1
2981,33.30,1
2982,32.78,1
2983,32.79,1
2984,32.80,1
2985,32.81,1
2986,32.83,1
2987,32.85,1
2988,32.86,1
2989,32.90,1
2990,32.92,1
2991,32.95,1
2992,32.99,1
2993,3261,1
2994,3294,1
2995,33.00,1
2996,33.03,1
2997,33.05,1
2998,33.07,1
2999,33.09,1
3000,33.1,1
3001,181,1
3002,33.24,1
3003,34.52,1
3004,34.56,1
3005,34.66,1
3006,34.7,1
3007,35.60,1
3008,35.62,1
3009,35.67,1
3010,35.74,1
3011,35.77,1
3012,35.79,1
3013,35.81,1
3014,35.93,1
3015,35.95,1
3016,3516,1
3017,3531,1
3018,3559,1
3019,36.01,1
3020,36.04,1
3021,36.11,1
3022,36.30,1
3023,36.35,1
3024,36.40,1
3025,36.42,1
3026,36.46,1
3027,36.53,1
3028,35.41,1
3029,35.35,1
3030,35.32,1
3031,10305,1
3032,34.74,1
3033,34.79,1
3034,34.84,1
3035,34.91,1
3036,10913,1
3037,109.27,1
3038,10838,1
3039,1071,1
3040,10634,1
3041,1018,1
3042,35.27,1
3043,10056,1
3044,3427,1
3045,3472,1
3046,35.03,1
3047,35.11,1
3048,35.17,1
3049,35.2,1
3050,35.22,1
3051,35.24,1
3052,39.83,1
3053,4610,1
3054,39.85,1
3055,6180,1
3056,62.14,1
3057,62.24,1
3058,622,1
3059,6222,1
3060,6328,1
3061,6477,1
3062,65.11,1
3063,65.50,1
3064,66.02,1
3065,66.15,1
3066,66.20,1
3067,66.78,1
3068,19.5,1
3069,67.42,1
3070,6798,1
3071,6811,1
3072,6845,1
3073,70.13,1
3074,7014,1
3075,7027,1
3076,7116,1
3077,7189,1
3078,72.46,1
3079,62.04,1
3080,6150,1
3081,54.53,1
3082,61.82,1
3083,5461,1
3084,5492,1
3085,55.11,1
3086,56.37,1
3087,56.39,1
3088,5632,1
3089,5681,1
3090,5685,1
3091,1810,1
3092,5687,1
3093,57.86,1
3094,5821,1
3095,59.13,1
3096,59.35,1
3097,59.43,1
3098,59.96,1
3099,5989,1
3100,60.17,1
3101,6093,1
3102,61.18,1
3103,61.47,1
3104,61.50,1
3105,61.78,1
3106,72.91,1
3107,722,1
3108,7321,1
3109,7360,1
3110,Called to,1
3111,Clerical Error,1
3112,Disregard results.,1
3113,ER NOTIFIED TO REDRAW,1
3114,IMPCOL,1
3115,Ignore results.  Specimen clotted.,1
3116,Ignore results. Specimen hemolyzed,1
3117,Ignore results. Specimen mislabeled,1
3118,"MISID,NOTIFIED IAN,01/24/2017 1246,TS,ACRE",1
3119,MISLABELED,1
3120,Medical record number mismatch. Disregard results.,1
3121,Patient discharged,1
3122,Patient expired,1
3123,Results called to and read back by:,1
3124,SEE MANUAL DIFF BELOW,1
3125,SPECIMEN CLOTTED,1
3126,Specimen collected in wrong container type.,1
3127,Specimen drawn in wrong tube.,1
3128,Specimen no longer available for testing.,1
3129,Test Not Performed,1
3130,Unable to assay. Analytical difficulty.,1
3131,Unable to assay. Broken/spilled in transit.,1
3132,Unable to assay. Primary specimen no longer available for additional,1
3133,0.3,1
3134,CNDUPL,1
3135,CLOTTED,1
3136,82.64,1
3137,74.04,1
3138,76.59,1
3139,78.25,1
3140,78.3,1
3141,78.97,1
3142,7802,1
3143,7918,1
3144,7968,1
3145,81.07,1
3146,82.27,1
3147,8210,1
3148,19.4,1
3149,85.50,1
3150,85.96,1
3151,8526,1
3152,86.57,1
3153,89.31,1
3154,905,1
3155,9348,1
3156,9350,1
3157,9672,1
3158,ACRE,1
3159,54.66,1
3160,5390,1
3161,3930,1
3162,4141,1
3163,42.33,1
3164,42.38,1
3165,42.4,1
3166,42.42,1
3167,42.47,1
3168,42.71,1
3169,42.73,1
3170,4217,1
3171,43.06,1
3172,43.09,1
3173,43.30,1
3174,43.36,1
3175,43.41,1
3176,43.47,1
3177,43.64,1
3178,43.67,1
3179,43.80,1
3180,4390,1
3181,44.06,1
3182,44.21,1
3183,44.25,1
3184,44.44,1
3185,44.47,1
3186,42.24,1
3187,41.73,1
3188,53.6,1
3189,41.50,1
3190,3993,1
3191,40.18,1
3192,40.26,1
3193,40.29,1
3194,40.32,1
3195,40.44,1
3196,40.47,1
3197,40.65,1
3198,40.68,1
3199,40.71,1
3200,40.72,1
3201,40.83,1
3202,40.86,1
3203,40.96,1
3204,40.99,1
3205,4018,1
3206,4026,1
3207,4049,1
3208,41.18,1
3209,41.2,1
3210,41.21,1
3211,41.32,1
3212,41.37,1
3213,44.63,1
3214,44.70,1
3215,4447,1
3216,4452,1
3217,48.62,1
3218,4829,1
3219,49.16,1
3220,49.18,1
3221,49.19,1
3222,49.29,1
3223,49.60,1
3224,4938,1
3225,4960,1
3226,4996,1
3227,50.14,1
3228,50.35,1
3229,50.60,1
3230,50.61,1
3231,5050,1
3232,51.84,1
3233,51.94,1
3234,52.35,1
3235,52.65,1
3236,52.79,1
3237,52.90,1
3238,53.32,1
3239,53.38,1
3240,48.56,1
3241,48.55,1
3242,4716,1
3243,4565,1
3244,4498,1
3245,45.09,1
3246,45.18,1
3247,45.22,1
3248,45.28,1
3249,45.29,1
3250,45.40,1
3251,45.41,1
3252,45.85,1
3253,4518,1
3254,459,1
3255,47.84,1
3256,46.12,1
3257,46.24,1
3258,46.83,1
3259,32.69,1
3260,4632,1
3261,47.06,1
3262,47.10,1
3263,47.33,1
3264,47.49,1
3265,47.81,1
3266,32.75,1
3267,29.69,1
3268,19.75,1
3269,26.35,1
3270,26.45,1
3271,26.46,1
3272,26.51,1
3273,26.52,1
3274,26.56,1
3275,26.6,1
3276,26.61,1
3277,26.62,1
3278,26.63,1
3279,21.2,1
3280,26.68,1
3281,26.69,1
3282,26.70,1
3283,26.72,1
3284,26.73,1
3285,26.74,1
3286,26.76,1
3287,26.77,1
3288,26.78,1
3289,26.8,1
3290,26.81,1
3291,26.42,1
3292,26.34,1
3293,27.84,1
3294,14497,1
3295,25.83,1
3296,25.90,1
3297,25.95,1
3298,25.98,1
3299,2524,1
3300,2527,1
3301,26.01,1
3302,26.04,1
3303,26.05,1
3304,26.06,1
3305,26.07,1
3306,26.08,1
3307,26.10,1
3308,26.15,1
3309,26.18,1
3310,26.23,1
3311,26.24,1
3312,26.27,1
3313,26.28,1
3314,26.30,1
3315,1482,1
3316,26.82,1
3317,26.86,1
3318,26.87,1
3319,26.9,1
3320,27.35,1
3321,27.37,1
3322,27.38,1
3323,27.39,1
3324,27.40,1
3325,27.43,1
3326,27.48,1
3327,27.5,1
3328,27.54,1
3329,27.56,1
3330,27.57,1
3331,27.6,1
3332,27.61,1
3333,27.62,1
3334,27.68,1
3335,27.69,1
3336,13158,1
3337,20.6,1
3338,27.74,1
3339,32.66,1
3340,27.78,1
3341,27.32,1
3342,20.78,1
3343,27.3,1
3344,27.04,1
3345,26.93,1
3346,26.95,1
3347,26.96,1
3348,26.97,1
3349,26.99,1
3350,2607,1
3351,2640,1
3352,27.00,1
3353,27.03,1
3354,27.06,1
3355,27.29,1
3356,27.12,1
3357,21.04,1
3358,27.17,1
3359,20.8,1
3360,27.2,1
3361,27.20,1
3362,27.23,1
3363,27.25,1
3364,27.26,1
3365,25.79,1
3366,25.78,1
3367,21.7,1
3368,24.65,1
3369,24.1,1
3370,2280,1
3371,225,1
3372,2213,1
3373,22.97,1
3374,24.25,1
3375,24.26,1
3376,24.27,1
3377,22.81,1
3378,24.31,1
3379,22.8,1
3380,24.34,1
3381,24.35,1
3382,22.79,1
3383,22.71,1
3384,24.5,1
3385,1728,1
3386,24.51,1
3387,1785,1
3388,24.55,1
3389,24.56,1
3390,22902,1
3391,2295,1
3392,24.03,1
3393,23.70,1
3394,23.48,1
3395,23.42,1
3396,23.59,1
3397,23.33,1
3398,23.3,1
3399,23.66,1
3400,17.5,1
3401,23.26,1
3402,23.7,1
3403,23.71,1
3404,2363,1
3405,23.76,1
3406,23.2,1
3407,23.78,1
3408,23.8,1
3409,23.82,1
3410,23.15,1
3411,23.9,1
3412,23.09,1
3413,23.94,1
3414,24.57,1
3415,22.5,1
3416,25.74,1
3417,24.67,1
3418,25.32,1
3419,2195,1
3420,25.35,1
3421,25.36,1
3422,2181,1
3423,25.41,1
3424,2176,1
3425,25.46,1
3426,25.5,1
3427,25.50,1
3428,25.53,1
3429,25.55,1
3430,25.56,1
3431,25.59,1
3432,25.6,1
3433,25.62,1
3434,21.80,1
3435,25.65,1
3436,25.69,1
3437,25.7,1
3438,25.71,1
3439,25.31,1
3440,25.30,1
3441,25.3,1
3442,2477,1
3443,22.45,1
3444,24.74,1
3445,24.79,1
3446,24.8,1
3447,24.81,1
3448,24.82,1
3449,24.97,1
3450,24.98,1
3451,2426,1
3452,25.01,1
3453,25.29,1
3454,22.23,1
3455,22.2,1
3456,25.11,1
3457,22.08,1
3458,25.19,1
3459,25.20,1
3460,25.23,1
3461,25.26,1
3462,25.28,1
3463,27.82,1
3464,27.76,1
3465,27.86,1
3466,30.46,1
3467,30.09,1
3468,30.11,1
3469,30.17,1
3470,30.18,1
3471,30.24,1
3472,30.28,1
3473,30.30,1
3474,30.35,1
3475,30.42,1
3476,30.43,1
3477,30.51,1
3478,30.88,1
3479,30.52,1
3480,30.54,1
3481,30.60,1
3482,30.65,1
3483,30.68,1
3484,30.71,1
3485,30.75,1
3486,30.76,1
3487,30.81,1
3488,30.83,1
3489,30.08,1
3490,30.07,1
3491,30.06,1
3492,2972,1
3493,29.58,1
3494,29.60,1
3495,29.62,1
3496,23.47,1
3497,29.7,1
3498,29.70,1
3499,29.72,1
3500,29.73,1
3501,29.75,1
3502,29.76,1
3503,29.77,1
3504,29.78,1
3505,1922,1
3506,29.82,1
3507,1917,1
3508,29.91,1
3509,29.92,1
3510,29.95,1
3511,29.96,1
3512,2900,1
3513,2967,1
3514,30.87,1
3515,30.9,1
3516,29.54,1
3517,32.10,1
3518,31.86,1
3519,31.92,1
3520,31.96,1
3521,31.97,1
3522,3130,1
3523,3162,1
3524,32.01,1
3525,32.03,1
3526,32.06,1
3527,32.1,1
3528,32.14,1
3529,30.90,1
3530,32.19,1
3531,32.22,1
3532,32.33,1
3533,32.40,1
3534,32.43,1
3535,32.46,1
3536,32.5,1
3537,32.54,1
3538,32.57,1
3539,32.61,1
3540,31.80,1
3541,31.72,1
3542,31.66,1
3543,31.63,1
3544,30.94,1
3545,3004,1
3546,3029,1
3547,3079,1
3548,31.0,1
3549,31.00,1
3550,31.02,1
3551,31.04,1
3552,31.09,1
3553,31.15,1
3554,31.19,1
3555,11890,1
3556,11339,1
3557,111.23,1
3558,31.23,1
3559,31.37,1
3560,31.39,1
3561,31.43,1
3562,31.46,1
3563,31.55,1
3564,31.56,1
3565,27.9,1
3566,29.57,1
3567,29.53,1
3568,28.73,1
3569,28.31,1
3570,28.34,1
3571,28.37,1
3572,28.39,1
3573,28.42,1
3574,28.46,1
3575,28.47,1
3576,28.49,1
3577,28.50,1
3578,28.51,1
3579,28.52,1
3580,28.55,1
3581,28.57,1
3582,28.62,1
3583,28.63,1
3584,28.64,1
3585,28.65,1
3586,28.66,1
3587,28.68,1
3588,28.7,1
3589,29.51,1
3590,28.30,1
3591,28.28,1
3592,28.27,1
3593,28.06,1
3594,27.91,1
3595,27.92,1
3596,27.93,1
3597,27.94,1
3598,27.98,1
3599,27.99,1
3600,28.00,1
3601,28.02,1
3602,28.04,1
3603,28.08,1
3604,28.24,1
3605,28.09,1
3606,28.11,1
3607,28.12,1
3608,28.13,1
3609,28.14,1
3610,28.16,1
3611,28.18,1
3612,28.19,1
3613,28.20,1
3614,28.71,1
3615,28.70,1
3616,28.75,1
3617,29.31,1
3618,29.12,1
3619,29.13,1
3620,29.14,1
3621,29.15,1
3622,29.23,1
3623,29.25,1
3624,29.28,1
3625,29.29,1
3626,29.3,1
3627,29.32,1
3628,29.10,1
3629,29.36,1
3630,29.37,1
3631,29.38,1
3632,29.41,1
3633,29.42,1
3634,29.45,1
3635,29.46,1
3636,29.47,1
3637,193,1
3638,28.78,1
3639,29.11,1
3640,1291,1
3641,2835,1
3642,28.79,1
3643,28.8,1
3644,28.80,1
3645,28.85,1
3646,28.86,1
3647,20.1,1
3648,28.93,1
3649,28.94,1
3650,28.96,1
3651,28.99,1
3652,2875,1
3653,29.0,1
3654,29.00,1
3655,29.01,1
3656,29.03,1
3657,1987,1
3658,29.09,1
3659,29.1,1
3660,28.45,1
3661,REQUEST CREDITED,0
3662,66.99,0
3663,45.96,0
3664,56.50,0
3665,56.62,0
3666,44.40,0
3667,45.49,0
3668,44.77,0
