,index,wbc_discharge_value
0,,951369
1,7.40,1095
2,Unable to assay. Clotted specimen.,1084
3,6.60,1084
4,8.10,1083
5,6.70,1079
6,6.90,1075
7,7.50,1070
8,8.00,1063
9,6.30,1063
10,7.20,1053
11,7.30,1050
12,7.90,1038
13,7.00,1035
14,7.80,1028
15,7.10,1012
16,7.60,1011
17,6.80,994
18,6.50,993
19,8.30,988
20,8.20,986
21,6.40,968
22,8.50,963
23,8.40,962
24,8.90,961
25,8.60,960
26,6.10,958
27,7.70,952
28,5.90,947
29,7.06,944
30,7.11,938
31,7.28,935
32,6.20,931
33,6.92,927
34,6.00,925
35,8.80,923
36,7.04,921
37,6.57,919
38,Account Credited,918
39,7.99,917
40,7.85,915
41,7.67,914
42,5.80,911
43,6.39,908
44,7.46,904
45,6.42,902
46,8.14,902
47,7.15,901
48,7.38,901
49,7.03,900
50,7.57,900
51,6.82,900
52,6.71,900
53,7.56,894
54,6.94,891
55,6.93,891
56,7.43,890
57,7.26,890
58,7.68,888
59,7.63,887
60,7.51,886
61,7.58,885
62,9.10,885
63,7.19,884
64,6.83,884
65,7.53,883
66,7.66,882
67,7.08,882
68,7.13,881
69,5.70,881
70,7.98,881
71,7.62,880
72,7.88,877
73,6.53,877
74,6.79,877
75,7.65,875
76,6.73,875
77,7.81,875
78,8.70,875
79,7.02,875
80,6.63,875
81,7.34,874
82,6.27,873
83,7.49,873
84,8.13,873
85,7.24,872
86,7.77,872
87,7.09,872
88,7.84,872
89,7.45,871
90,7.35,871
91,7.47,870
92,6.97,870
93,6.87,869
94,6.88,868
95,9.20,867
96,6.84,867
97,7.37,867
98,8.01,866
99,6.68,866
100,7.21,866
101,7.86,865
102,6.72,865
103,6.95,864
104,7.27,864
105,7.42,864
106,7.64,864
107,6.47,863
108,7.92,863
109,8.21,861
110,7.55,860
111,7.72,860
112,6.35,859
113,6.59,859
114,7.23,858
115,7.44,858
116,7.59,858
117,7.31,858
118,7.25,857
119,6.28,856
120,7.18,856
121,7.83,856
122,7.48,856
123,6.62,855
124,6.51,855
125,7.41,855
126,7.12,855
127,6.61,854
128,8.27,854
129,7.71,854
130,6.67,853
131,8.07,852
132,6.77,852
133,7.07,852
134,7.01,851
135,6.43,851
136,6.98,851
137,8.15,850
138,6.64,850
139,6.58,849
140,7.79,848
141,7.14,848
142,6.78,848
143,7.39,848
144,6.76,846
145,6.96,846
146,6.38,846
147,7.93,845
148,8.05,845
149,7.29,845
150,8.39,845
151,9.00,844
152,6.54,843
153,7.87,842
154,8.11,842
155,6.81,841
156,6.56,841
157,5.60,839
158,6.99,839
159,7.54,839
160,7.89,838
161,7.82,838
162,8.02,838
163,8.29,838
164,7.17,838
165,8.53,837
166,6.89,837
167,6.22,836
168,7.05,836
169,7.96,835
170,6.41,835
171,7.75,835
172,7.22,834
173,6.66,834
174,6.65,834
175,7.73,831
176,7.94,831
177,7.74,830
178,8.49,830
179,9.40,830
180,6.44,829
181,7.33,829
182,7.76,829
183,8.43,828
184,6.25,827
185,7.32,827
186,6.37,827
187,8.17,827
188,8.18,827
189,5.96,826
190,9.50,826
191,7.36,826
192,7.69,824
193,7.16,824
194,8.44,824
195,6.55,822
196,7.52,822
197,6.15,820
198,8.03,820
199,8.09,820
200,6.86,820
201,6.11,817
202,8.06,817
203,8.45,817
204,6.75,816
205,6.49,816
206,8.23,816
207,8.12,816
208,7.61,814
209,8.25,813
210,6.69,813
211,6.07,813
212,7.97,811
213,6.31,810
214,8.36,809
215,6.46,809
216,9.30,809
217,6.91,808
218,6.48,808
219,8.47,808
220,6.85,808
221,6.24,807
222,6.17,807
223,6.29,805
224,7.95,805
225,8.04,802
226,8.59,802
227,6.34,802
228,6.14,801
229,5.40,801
230,8.33,800
231,6.32,800
232,6.45,800
233,8.69,799
234,6.33,799
235,8.38,799
236,8.54,798
237,8.24,798
238,8.81,793
239,6.12,792
240,8.51,791
241,8.32,791
242,6.08,790
243,5.89,789
244,8.84,789
245,8.62,788
246,6.74,787
247,8.46,787
248,6.21,786
249,8.34,785
250,8.16,784
251,8.26,784
252,6.16,784
253,8.67,784
254,6.52,784
255,8.35,784
256,8.08,783
257,6.26,783
258,7.91,782
259,8.19,782
260,8.88,782
261,8.48,781
262,5.84,781
263,8.56,780
264,8.22,780
265,6.13,779
266,6.01,778
267,8.55,777
268,6.09,776
269,6.05,776
270,5.98,776
271,8.57,775
272,6.03,775
273,8.37,775
274,5.74,774
275,8.61,774
276,8.41,773
277,6.36,772
278,8.65,772
279,8.31,772
280,8.28,772
281,5.50,770
282,8.42,770
283,9.60,770
284,9.16,770
285,5.99,768
286,5.94,768
287,6.23,767
288,5.97,767
289,5.82,766
290,7.78,766
291,8.75,765
292,5.30,762
293,6.06,762
294,8.74,762
295,9.70,761
296,6.02,761
297,8.79,759
298,8.73,759
299,8.82,757
300,8.85,755
301,8.93,755
302,8.76,755
303,5.93,755
304,8.86,754
305,5.88,750
306,9.80,749
307,5.95,749
308,6.18,749
309,9.90,748
310,6.19,748
311,9.07,747
312,8.89,747
313,8.77,747
314,8.66,747
315,8.64,746
316,8.98,746
317,6.04,745
318,8.95,744
319,5.85,743
320,8.83,741
321,8.71,740
322,9.11,740
323,8.58,740
324,5.83,737
325,8.52,737
326,5.76,737
327,5.91,737
328,9.01,736
329,8.92,735
330,5.65,735
331,8.94,734
332,9.13,731
333,5.87,730
334,8.78,729
335,5.72,729
336,5.73,729
337,8.63,727
338,5.77,727
339,9.25,726
340,5.79,725
341,8.87,724
342,8.72,724
343,8.91,724
344,8.99,720
345,5.92,715
346,5.68,715
347,9.34,714
348,9.28,713
349,8.97,713
350,9.05,712
351,9.23,711
352,9.04,709
353,9.06,708
354,5.86,708
355,9.17,707
356,10.10,706
357,9.44,705
358,9.42,704
359,9.21,704
360,10.20,704
361,9.12,704
362,9.08,704
363,5.53,702
364,9.15,701
365,9.38,700
366,5.47,700
367,5.67,698
368,8.68,698
369,5.56,698
370,9.36,698
371,9.02,697
372,10.00,696
373,9.37,696
374,5.66,695
375,5.75,693
376,9.51,693
377,9.32,692
378,5.71,692
379,5.62,691
380,5.63,691
381,5.78,691
382,9.27,690
383,5.51,689
384,5.81,689
385,8.96,688
386,9.19,687
387,5.10,686
388,9.31,684
389,9.14,684
390,9.43,682
391,5.43,681
392,9.33,681
393,9.57,679
394,5.69,679
395,5.20,678
396,5.55,678
397,9.09,678
398,10.40,677
399,9.03,677
400,9.18,676
401,5.58,676
402,5.57,676
403,9.35,675
404,5.52,673
405,9.68,671
406,9.78,671
407,9.52,670
408,9.41,668
409,9.24,667
410,10.80,667
411,10.60,666
412,9.22,665
413,10.30,663
414,9.53,662
415,9.46,662
416,9.26,662
417,9.56,662
418,9.49,660
419,5.48,660
420,5.61,660
421,5.46,658
422,9.59,658
423,9.81,656
424,5.59,655
425,5.54,653
426,5.44,653
427,9.73,651
428,9.45,651
429,9.47,649
430,5.33,648
431,9.86,645
432,9.55,645
433,9.84,644
434,9.62,643
435,5.24,641
436,5.36,641
437,5.64,641
438,9.94,640
439,9.72,639
440,9.48,639
441,5.17,638
442,5.45,635
443,5.49,634
444,9.54,633
445,9.66,632
446,5.28,632
447,9.74,632
448,9.69,630
449,9.87,630
450,5.38,630
451,5.42,629
452,5.37,628
453,9.83,627
454,5.27,626
455,9.39,625
456,9.61,625
457,5.29,624
458,9.92,620
459,5.39,620
460,9.58,619
461,10.03,618
462,9.98,616
463,5.00,616
464,9.85,615
465,9.97,615
466,10.18,614
467,5.25,614
468,9.29,613
469,10.50,612
470,10.04,611
471,9.76,611
472,9.65,611
473,9.79,610
474,9.95,609
475,9.88,607
476,9.75,607
477,9.64,607
478,5.41,607
479,5.32,605
480,5.26,604
481,10.70,603
482,5.31,602
483,10.17,601
484,9.89,600
485,11.00,599
486,9.82,597
487,5.14,596
488,10.23,596
489,5.34,596
490,9.67,596
491,10.07,596
492,10.09,595
493,10.24,593
494,9.96,591
495,9.77,591
496,10.90,590
497,5.23,590
498,5.16,589
499,9.91,589
500,10.45,588
501,9.63,588
502,5.35,585
503,4.90,584
504,5.22,581
505,5.18,581
506,10.28,580
507,10.11,580
508,9.71,580
509,10.26,580
510,5.19,577
511,5.15,575
512,10.36,575
513,9.99,575
514,11.40,573
515,10.12,573
516,10.19,573
517,10.33,572
518,5.11,572
519,10.34,572
520,10.16,569
521,10.05,566
522,10.75,564
523,10.53,564
524,10.14,563
525,10.61,563
526,5.21,562
527,11.10,562
528,10.06,562
529,10.47,560
530,10.01,557
531,9.93,555
532,10.08,554
533,10.13,554
534,5.13,552
535,10.02,552
536,10.21,552
537,10.35,551
538,5.08,551
539,10.22,551
540,10.25,550
541,5.03,549
542,10.69,548
543,10.37,547
544,10.51,547
545,10.62,547
546,5.04,546
547,10.46,545
548,4.80,545
549,5.12,545
550,10.29,544
551,4.97,542
552,10.81,541
553,10.59,541
554,10.44,540
555,10.38,539
556,4.99,538
557,4.70,538
558,10.43,537
559,10.15,537
560,10.41,537
561,10.54,537
562,4.98,537
563,10.31,536
564,5.05,534
565,11.20,534
566,10.67,534
567,11.30,534
568,10.71,533
569,10.32,533
570,10.49,532
571,5.02,531
572,10.74,531
573,10.58,529
574,5.09,528
575,10.48,528
576,4.92,528
577,10.82,528
578,10.42,528
579,5.01,527
580,10.56,526
581,10.79,525
582,4.96,523
583,4.94,523
584,10.83,522
585,10.63,521
586,10.65,518
587,10.55,518
588,10.88,518
589,4.95,517
590,4.93,516
591,10.39,515
592,10.57,514
593,10.77,514
594,10.52,513
595,10.85,513
596,10.27,513
597,11.60,512
598,10.64,512
599,5.07,511
600,10.72,510
601,10.76,507
602,11.14,505
603,4.91,504
604,11.50,502
605,10.78,502
606,4.88,501
607,5.06,499
608,4.85,499
609,4.89,493
610,11.90,493
611,10.95,492
612,4.81,492
613,4.86,492
614,10.66,492
615,4.84,490
616,11.04,490
617,10.73,490
618,10.86,489
619,10.84,489
620,10.91,487
621,11.03,486
622,10.96,484
623,11.11,483
624,10.68,483
625,4.76,481
626,10.93,480
627,11.52,480
628,4.82,478
629,10.98,477
630,11.06,476
631,10.89,475
632,11.17,475
633,11.07,474
634,4.60,473
635,4.73,473
636,4.87,472
637,4.77,472
638,11.01,472
639,4.74,470
640,11.02,469
641,11.27,469
642,10.94,469
643,4.83,468
644,11.16,467
645,4.78,466
646,11.23,465
647,4.69,465
648,10.92,465
649,11.49,464
650,4.75,462
651,11.33,462
652,11.29,462
653,11.70,461
654,11.46,461
655,11.36,460
656,11.80,458
657,11.19,458
658,11.12,457
659,11.32,456
660,4.64,456
661,12.00,454
662,11.37,452
663,10.87,450
664,11.38,449
665,11.15,448
666,11.13,448
667,4.79,447
668,4.71,447
669,11.08,446
670,11.57,446
671,11.31,446
672,11.42,446
673,4.40,445
674,11.53,443
675,4.72,443
676,11.09,442
677,11.26,442
678,11.45,441
679,11.05,441
680,11.24,440
681,10.97,440
682,11.35,439
683,11.64,438
684,11.39,438
685,11.44,437
686,11.18,437
687,11.43,434
688,10.99,433
689,12.10,432
690,11.25,431
691,11.28,431
692,4.65,430
693,4.50,429
694,11.34,426
695,11.41,424
696,11.22,424
697,11.21,424
698,4.68,423
699,4.67,420
700,12.20,418
701,4.56,417
702,11.58,417
703,11.68,417
704,12.30,415
705,11.47,414
706,11.81,414
707,11.48,413
708,4.66,413
709,11.69,413
710,4.58,413
711,11.87,412
712,11.59,410
713,11.51,409
714,4.57,408
715,4.59,407
716,11.85,407
717,12.04,407
718,4.63,406
719,11.71,406
720,11.65,406
721,4.30,406
722,11.82,405
723,11.67,404
724,11.84,403
725,12.03,402
726,4.62,401
727,11.54,401
728,4.51,401
729,4.54,401
730,Unable to report,399
731,11.93,398
732,11.86,398
733,11.83,397
734,11.66,397
735,4.53,396
736,11.55,396
737,12.27,395
738,11.94,394
739,11.91,391
740,4.49,391
741,12.70,390
742,11.73,389
743,4.61,389
744,4.52,388
745,11.95,385
746,11.62,384
747,11.75,383
748,4.55,382
749,4.47,382
750,11.74,380
751,11.61,379
752,12.60,379
753,11.76,379
754,4.48,376
755,12.14,376
756,4.46,376
757,11.78,375
758,11.56,375
759,11.92,374
760,12.08,374
761,11.98,373
762,4.43,373
763,12.11,372
764,11.72,372
765,12.40,370
766,12.50,369
767,11.77,368
768,12.15,367
769,4.37,367
770,12.17,365
771,12.80,364
772,11.96,364
773,4.36,363
774,12.90,363
775,11.89,362
776,11.63,362
777,12.07,361
778,4.45,360
779,4.33,359
780,4.32,357
781,12.37,356
782,12.56,355
783,4.44,354
784,12.09,354
785,11.79,354
786,4.20,352
787,12.49,352
788,12.19,351
789,12.18,351
790,12.24,351
791,11.88,350
792,12.34,350
793,12.31,348
794,12.12,348
795,4.42,347
796,12.41,346
797,12.36,345
798,12.44,345
799,13.30,344
800,12.39,343
801,11.99,342
802,4.10,342
803,11.97,342
804,12.25,342
805,12.13,341
806,13.10,341
807,4.39,340
808,4.38,338
809,4.34,337
810,12.59,335
811,12.29,335
812,12.28,333
813,12.01,333
814,12.26,333
815,4.25,331
816,12.32,331
817,12.06,330
818,13.20,329
819,12.23,329
820,4.31,329
821,4.35,327
822,12.05,326
823,12.43,325
824,12.22,325
825,12.21,324
826,12.64,324
827,4.28,323
828,13.00,323
829,12.51,322
830,12.55,322
831,4.41,320
832,12.35,320
833,4.29,319
834,4.17,318
835,12.76,317
836,4.22,316
837,12.66,316
838,12.42,316
839,12.45,316
840,12.58,315
841,12.72,313
842,12.74,313
843,12.52,312
844,12.46,312
845,12.97,310
846,12.02,309
847,12.67,309
848,12.79,307
849,4.21,307
850,4.24,307
851,12.16,306
852,4.23,306
853,12.38,306
854,13.60,305
855,4.27,305
856,12.53,305
857,13.90,303
858,12.57,303
859,4.15,303
860,13.70,302
861,12.61,300
862,12.65,300
863,12.47,299
864,12.93,299
865,12.87,298
866,12.48,297
867,14.10,297
868,4.19,296
869,12.69,295
870,12.81,295
871,13.04,294
872,12.88,294
873,12.68,294
874,4.07,294
875,4.16,294
876,12.83,294
877,4.18,293
878,12.54,291
879,12.71,290
880,12.82,290
881,12.91,289
882,12.62,289
883,4.26,289
884,12.63,288
885,13.80,288
886,4.14,287
887,12.95,286
888,12.86,286
889,13.50,286
890,13.19,286
891,4.08,286
892,13.31,286
893,4.00,284
894,13.02,283
895,13.38,283
896,13.15,283
897,12.99,283
898,12.77,282
899,12.85,282
900,4.13,282
901,12.78,281
902,4.03,281
903,4.12,280
904,13.08,279
905,12.84,278
906,13.09,278
907,13.12,278
908,4.11,276
909,13.40,275
910,12.73,275
911,13.03,274
912,13.07,274
913,12.94,273
914,13.18,273
915,4.06,273
916,3.98,271
917,12.89,270
918,13.01,270
919,13.11,270
920,13.05,269
921,12.75,269
922,13.22,267
923,13.16,265
924,12.96,265
925,12.98,265
926,13.27,265
927,12.92,264
928,13.06,264
929,13.14,264
930,4.02,263
931,3.88,261
932,13.26,261
933,13.33,261
934,13.17,260
935,13.35,259
936,4.09,258
937,13.41,258
938,13.37,257
939,12.33,256
940,4.04,255
941,13.54,254
942,3.97,253
943,13.49,252
944,4.05,252
945,13.13,252
946,3.90,251
947,13.23,251
948,3.94,251
949,14.00,250
950,13.65,249
951,13.59,249
952,13.32,249
953,3.80,248
954,13.62,246
955,13.21,246
956,13.55,246
957,13.42,244
958,13.24,244
959,13.68,244
960,13.58,242
961,13.34,241
962,3.93,241
963,14.20,241
964,13.47,240
965,13.82,240
966,13.36,240
967,13.45,237
968,14.50,237
969,3.99,236
970,13.63,236
971,13.76,234
972,13.51,233
973,13.61,232
974,14.12,231
975,3.92,231
976,13.46,231
977,13.28,231
978,13.39,230
979,13.89,230
980,13.67,230
981,13.72,230
982,13.79,230
983,14.40,229
984,13.66,229
985,13.25,229
986,14.08,228
987,3.84,228
988,13.64,228
989,3.89,228
990,3.95,228
991,13.48,228
992,13.97,227
993,13.56,227
994,13.75,227
995,3.96,226
996,13.69,226
997,14.30,226
998,13.52,225
999,13.29,225
1000,13.78,224
1001,13.99,224
1002,13.71,224
1003,3.87,223
1004,3.86,221
1005,3.78,221
1006,13.98,220
1007,3.79,218
1008,13.57,218
1009,13.43,218
1010,13.53,217
1011,13.73,217
1012,13.95,217
1013,13.44,217
1014,3.76,216
1015,13.84,216
1016,13.91,215
1017,14.90,214
1018,13.87,214
1019,15.00,213
1020,3.83,213
1021,14.80,212
1022,3.91,211
1023,14.32,209
1024,3.70,208
1025,14.06,207
1026,13.81,207
1027,14.07,206
1028,13.74,206
1029,14.23,206
1030,14.14,205
1031,14.35,205
1032,14.03,205
1033,3.73,204
1034,3.81,204
1035,13.96,204
1036,13.83,204
1037,14.09,203
1038,14.13,203
1039,3.82,203
1040,4.01,202
1041,14.48,201
1042,13.77,201
1043,3.85,201
1044,14.04,200
1045,3.75,200
1046,3.72,199
1047,3.71,199
1048,13.93,197
1049,13.94,197
1050,3.77,196
1051,14.22,196
1052,14.19,196
1053,14.60,195
1054,14.05,195
1055,14.18,194
1056,14.26,194
1057,14.41,194
1058,14.47,194
1059,14.38,194
1060,3.67,194
1061,14.24,193
1062,15.10,192
1063,14.16,191
1064,3.63,191
1065,14.33,190
1066,14.15,190
1067,13.92,189
1068,3.68,188
1069,3.64,188
1070,14.25,188
1071,14.28,188
1072,14.70,186
1073,14.02,186
1074,14.27,186
1075,14.21,185
1076,13.85,185
1077,14.37,185
1078,14.17,184
1079,3.60,184
1080,14.81,184
1081,3.74,184
1082,14.52,184
1083,14.01,184
1084,3.61,183
1085,3.62,183
1086,3.69,183
1087,14.44,182
1088,14.53,181
1089,14.45,181
1090,14.95,181
1091,14.68,179
1092,13.86,179
1093,14.61,179
1094,14.39,179
1095,3.66,179
1096,13.88,179
1097,14.34,178
1098,14.43,178
1099,14.93,177
1100,3.65,177
1101,14.69,177
1102,14.49,176
1103,14.29,175
1104,3.56,175
1105,14.62,175
1106,3.55,174
1107,14.76,174
1108,14.75,174
1109,14.31,174
1110,14.63,173
1111,14.66,173
1112,3.57,172
1113,14.79,172
1114,15.70,171
1115,3.50,171
1116,14.82,171
1117,14.11,171
1118,15.60,170
1119,14.59,170
1120,14.73,170
1121,15.04,170
1122,15.20,170
1123,14.36,169
1124,3.30,169
1125,3.59,169
1126,14.55,169
1127,3.48,169
1128,14.51,168
1129,14.97,168
1130,14.54,168
1131,14.84,167
1132,15.50,166
1133,14.57,165
1134,14.83,165
1135,14.92,165
1136,15.30,164
1137,14.74,164
1138,14.58,163
1139,15.25,163
1140,14.72,162
1141,15.40,162
1142,3.54,161
1143,15.14,160
1144,14.78,160
1145,15.09,160
1146,15.18,159
1147,15.07,158
1148,14.64,158
1149,14.56,158
1150,14.65,158
1151,3.45,157
1152,3.49,156
1153,14.91,156
1154,14.88,156
1155,14.46,156
1156,15.34,156
1157,15.28,155
1158,15.55,155
1159,15.05,155
1160,3.40,155
1161,15.17,154
1162,14.86,154
1163,14.77,154
1164,15.90,154
1165,15.33,153
1166,14.71,153
1167,14.85,153
1168,3.58,151
1169,15.21,150
1170,3.46,150
1171,14.94,150
1172,3.53,150
1173,15.41,150
1174,15.13,150
1175,3.39,149
1176,15.79,149
1177,15.02,149
1178,3.51,148
1179,14.89,148
1180,14.67,148
1181,15.19,148
1182,3.47,146
1183,14.99,146
1184,15.42,145
1185,15.16,145
1186,15.23,144
1187,15.51,144
1188,15.03,144
1189,3.52,144
1190,15.22,143
1191,14.42,143
1192,16.10,142
1193,15.01,142
1194,15.29,141
1195,14.98,141
1196,15.39,140
1197,16.20,140
1198,3.43,139
1199,15.62,139
1200,15.06,139
1201,15.97,139
1202,15.08,139
1203,3.20,138
1204,15.80,138
1205,3.18,138
1206,15.46,138
1207,15.27,138
1208,14.87,137
1209,16.00,137
1210,3.33,137
1211,15.37,137
1212,15.26,136
1213,16.70,136
1214,15.38,135
1215,15.44,135
1216,15.24,135
1217,15.74,134
1218,15.54,133
1219,15.15,133
1220,3.38,133
1221,15.59,132
1222,15.81,132
1223,15.98,132
1224,16.01,132
1225,16.30,131
1226,3.23,131
1227,3.44,131
1228,15.71,130
1229,3.31,130
1230,15.35,130
1231,15.43,129
1232,3.32,128
1233,15.36,128
1234,3.35,128
1235,15.67,127
1236,3.41,127
1237,3.37,127
1238,15.94,126
1239,15.76,126
1240,15.11,126
1241,15.88,126
1242,15.57,126
1243,15.52,126
1244,16.40,126
1245,15.48,125
1246,3.26,125
1247,15.47,125
1248,15.53,125
1249,15.87,125
1250,14.96,124
1251,3.29,124
1252,15.32,124
1253,15.85,123
1254,15.61,123
1255,15.75,122
1256,15.69,122
1257,3.00,122
1258,3.42,121
1259,15.45,121
1260,15.93,121
1261,15.56,120
1262,15.63,120
1263,15.58,120
1264,15.12,120
1265,16.08,120
1266,3.12,120
1267,15.73,119
1268,15.68,118
1269,15.92,118
1270,16.16,116
1271,16.60,116
1272,Duplicate request,116
1273,16.06,116
1274,16.03,115
1275,3.10,115
1276,16.23,115
1277,16.09,114
1278,16.50,114
1279,16.27,114
1280,15.64,114
1281,16.44,113
1282,16.41,113
1283,15.84,113
1284,16.14,113
1285,15.96,113
1286,3.28,113
1287,3.24,113
1288,3.27,112
1289,16.04,112
1290,16.80,111
1291,15.72,111
1292,15.91,111
1293,3.21,110
1294,16.07,110
1295,15.65,110
1296,15.86,110
1297,16.02,110
1298,16.13,110
1299,15.89,109
1300,17.10,109
1301,15.49,109
1302,15.31,109
1303,16.48,109
1304,3.36,108
1305,16.55,108
1306,16.17,108
1307,3.34,108
1308,16.32,108
1309,16.05,108
1310,16.73,107
1311,Unable to assay. No specimen received.,107
1312,16.52,107
1313,15.82,107
1314,16.71,106
1315,16.21,106
1316,15.66,106
1317,16.63,106
1318,16.29,106
1319,16.11,106
1320,3.22,106
1321,15.95,106
1322,3.17,105
1323,16.53,105
1324,16.31,105
1325,15.99,105
1326,15.83,104
1327,3.25,104
1328,16.26,104
1329,16.34,103
1330,16.18,103
1331,16.77,103
1332,17.80,103
1333,16.36,103
1334,17.50,103
1335,17.40,103
1336,17.14,102
1337,16.79,101
1338,16.88,101
1339,15.78,101
1340,16.15,101
1341,3.14,100
1342,3.01,100
1343,16.38,99
1344,3.08,99
1345,16.33,98
1346,16.51,98
1347,16.45,98
1348,16.90,98
1349,16.24,98
1350,16.97,97
1351,15.77,97
1352,17.00,97
1353,16.92,97
1354,16.28,97
1355,17.60,97
1356,3.07,97
1357,Unable to assay.  Unable to locate specimen.,97
1358,16.61,96
1359,3.02,96
1360,16.72,96
1361,16.91,96
1362,16.42,96
1363,3.04,95
1364,16.39,95
1365,16.12,95
1366,16.75,94
1367,16.47,94
1368,16.59,94
1369,17.26,93
1370,16.37,93
1371,3.13,92
1372,16.43,92
1373,16.87,92
1374,16.56,92
1375,16.93,92
1376,16.68,91
1377,17.02,91
1378,17.30,91
1379,3.16,91
1380,16.25,90
1381,16.65,90
1382,17.57,90
1383,17.44,90
1384,2.90,89
1385,16.64,89
1386,16.62,89
1387,16.83,89
1388,16.99,89
1389,16.76,89
1390,17.04,89
1391,3.09,89
1392,16.22,88
1393,16.57,87
1394,2.96,87
1395,17.34,87
1396,2.95,87
1397,16.67,86
1398,17.18,86
1399,16.81,86
1400,3.11,86
1401,16.78,86
1402,16.74,86
1403,17.35,85
1404,17.90,85
1405,16.46,84
1406,16.69,84
1407,16.19,84
1408,17.53,84
1409,3.19,83
1410,16.58,83
1411,2.99,83
1412,17.27,83
1413,17.01,83
1414,18.00,83
1415,2.84,83
1416,17.05,83
1417,Unable to assay. Quantity not sufficient.,82
1418,16.85,82
1419,2.97,82
1420,17.66,82
1421,17.16,82
1422,3.06,82
1423,17.13,81
1424,17.67,81
1425,17.58,81
1426,17.70,80
1427,17.68,80
1428,3.05,80
1429,16.86,80
1430,17.63,80
1431,16.96,79
1432,16.49,79
1433,3.03,79
1434,3.15,79
1435,17.20,78
1436,2.93,78
1437,16.54,77
1438,16.82,77
1439,17.15,77
1440,17.19,77
1441,2.91,77
1442,17.09,77
1443,16.84,76
1444,17.93,76
1445,17.52,76
1446,17.72,76
1447,17.17,75
1448,16.94,75
1449,17.56,75
1450,16.66,75
1451,2.94,75
1452,18.07,75
1453,17.71,75
1454,17.88,75
1455,17.97,75
1456,17.47,74
1457,17.64,74
1458,2.83,74
1459,17.38,73
1460,17.21,73
1461,2.75,73
1462,17.08,73
1463,16.35,72
1464,18.06,72
1465,17.83,72
1466,17.11,72
1467,17.37,72
1468,16.95,72
1469,17.07,72
1470,17.48,71
1471,17.12,71
1472,17.06,71
1473,17.22,71
1474,2.92,71
1475,17.74,71
1476,17.24,70
1477,2.80,70
1478,18.10,70
1479,17.42,70
1480,17.31,69
1481,2.86,69
1482,17.81,69
1483,17.86,69
1484,17.65,68
1485,2.88,68
1486,2.98,68
1487,17.59,68
1488,17.95,68
1489,2.74,68
1490,2.81,67
1491,2.85,67
1492,17.41,67
1493,18.21,67
1494,17.39,67
1495,2.89,67
1496,17.96,67
1497,17.23,67
1498,17.45,67
1499,17.94,67
1500,18.40,66
1501,17.51,66
1502,2.79,66
1503,18.34,66
1504,2.77,66
1505,17.73,66
1506,17.29,66
1507,18.03,66
1508,17.03,66
1509,17.85,66
1510,18.32,65
1511,17.76,65
1512,16.89,65
1513,17.92,65
1514,18.30,65
1515,2.87,65
1516,17.78,64
1517,17.99,64
1518,18.50,64
1519,18.11,64
1520,18.09,63
1521,17.54,63
1522,18.01,63
1523,17.75,63
1524,2.82,63
1525,2.69,63
1526,17.43,62
1527,2.68,62
1528,2.70,62
1529,18.14,62
1530,18.90,62
1531,17.69,62
1532,18.46,62
1533,2.64,62
1534,17.28,62
1535,17.36,62
1536,17.25,62
1537,16.98,62
1538,17.33,61
1539,17.49,61
1540,18.18,61
1541,17.79,61
1542,2.73,61
1543,18.70,60
1544,2.67,60
1545,18.16,60
1546,18.08,59
1547,2.72,59
1548,18.12,59
1549,17.32,59
1550,2.66,59
1551,2.71,59
1552,2.76,59
1553,18.56,59
1554,18.69,59
1555,18.27,58
1556,17.84,58
1557,17.46,58
1558,18.20,58
1559,18.19,58
1560,18.45,58
1561,18.74,57
1562,17.87,57
1563,18.76,57
1564,18.79,57
1565,18.38,57
1566,2.62,57
1567,Unable to assay. Specimen incorrectly identified.,57
1568,18.59,57
1569,18.95,56
1570,18.82,56
1571,17.61,56
1572,18.61,55
1573,18.52,55
1574,18.22,55
1575,18.04,55
1576,2.54,55
1577,19.06,55
1578,17.62,55
1579,19.00,54
1580,18.75,54
1581,18.51,53
1582,18.28,53
1583,2.59,53
1584,19.29,53
1585,2.63,53
1586,17.55,53
1587,18.29,53
1588,18.37,53
1589,18.35,52
1590,19.65,52
1591,18.36,52
1592,18.24,52
1593,2.78,52
1594,18.63,52
1595,19.13,52
1596,2.50,52
1597,18.05,52
1598,18.25,52
1599,17.89,51
1600,17.91,51
1601,19.40,51
1602,18.60,51
1603,18.49,50
1604,19.03,50
1605,2.57,50
1606,2.27,50
1607,19.60,50
1608,19.14,49
1609,18.86,49
1610,2.53,49
1611,2.45,49
1612,19.25,49
1613,18.26,49
1614,18.67,48
1615,2.46,48
1616,18.31,48
1617,18.13,48
1618,18.58,48
1619,18.87,48
1620,17.82,48
1621,18.73,47
1622,2.51,47
1623,19.17,47
1624,18.42,47
1625,19.07,47
1626,18.17,47
1627,18.33,47
1628,2.56,47
1629,18.57,46
1630,2.55,46
1631,19.49,46
1632,2.47,46
1633,18.80,46
1634,19.55,46
1635,19.54,46
1636,17.98,46
1637,18.23,46
1638,18.72,45
1639,19.10,45
1640,19.30,45
1641,18.64,45
1642,19.50,45
1643,19.02,45
1644,17.77,45
1645,18.62,45
1646,18.43,45
1647,18.53,45
1648,18.02,45
1649,18.47,44
1650,18.15,44
1651,18.81,44
1652,19.19,44
1653,2.42,44
1654,2.65,44
1655,2.52,44
1656,18.55,44
1657,19.32,43
1658,19.24,43
1659,19.20,43
1660,2.44,43
1661,2.29,43
1662,18.99,43
1663,18.96,43
1664,19.36,43
1665,18.65,43
1666,18.78,43
1667,19.42,42
1668,18.84,42
1669,18.39,42
1670,19.27,42
1671,2.49,42
1672,2.33,42
1673,18.97,42
1674,2.37,42
1675,18.44,42
1676,2.61,42
1677,18.48,42
1678,19.51,41
1679,19.35,41
1680,2.20,41
1681,19.33,41
1682,19.53,41
1683,19.31,41
1684,2.58,41
1685,19.61,41
1686,18.88,41
1687,2.10,41
1688,2.11,41
1689,19.16,41
1690,2.31,41
1691,19.08,41
1692,2.40,41
1693,18.93,41
1694,18.68,41
1695,19.71,40
1696,2.38,40
1697,2.32,40
1698,18.94,40
1699,2.30,40
1700,18.92,40
1701,19.91,40
1702,18.41,40
1703,2.39,40
1704,19.15,40
1705,2.60,39
1706,2.36,39
1707,19.45,39
1708,20.15,39
1709,18.89,39
1710,18.83,39
1711,2.15,39
1712,19.57,39
1713,19.63,39
1714,19.68,39
1715,2.25,39
1716,19.97,39
1717,18.85,39
1718,2.34,38
1719,18.66,38
1720,18.71,38
1721,19.67,38
1722,19.93,38
1723,21.00,38
1724,2.23,38
1725,19.44,38
1726,19.01,38
1727,18.91,38
1728,19.05,38
1729,19.11,38
1730,19.38,38
1731,19.83,37
1732,18.77,37
1733,2.26,37
1734,18.54,37
1735,19.87,37
1736,2.41,37
1737,19.46,37
1738,19.23,37
1739,19.18,37
1740,19.94,36
1741,19.70,36
1742,2.43,36
1743,2.18,36
1744,19.86,36
1745,19.84,36
1746,19.52,36
1747,19.48,36
1748,19.37,36
1749,19.34,35
1750,2.05,35
1751,2.21,35
1752,19.76,35
1753,19.75,35
1754,20.34,35
1755,19.41,35
1756,19.22,35
1757,19.90,35
1758,19.39,35
1759,20.80,35
1760,19.21,34
1761,19.62,34
1762,2.48,34
1763,19.80,34
1764,19.85,34
1765,19.78,34
1766,18.98,34
1767,19.09,34
1768,19.12,34
1769,20.11,34
1770,19.73,34
1771,20.76,34
1772,19.47,34
1773,19.95,34
1774,19.64,34
1775,19.81,33
1776,19.59,33
1777,20.21,33
1778,2.02,33
1779,21.06,33
1780,2.09,32
1781,19.69,32
1782,19.43,32
1783,2.19,32
1784,2.01,32
1785,19.99,32
1786,20.90,32
1787,2.35,32
1788,20.06,31
1789,19.74,31
1790,2.13,31
1791,19.04,31
1792,2.12,31
1793,19.77,31
1794,8.3,31
1795,19.28,31
1796,7.0,30
1797,19.26,30
1798,19.98,30
1799,20.32,30
1800,19.72,30
1801,20.60,30
1802,2.28,30
1803,2.08,30
1804,19.58,30
1805,20.40,30
1806,2.24,30
1807,19.82,29
1808,2.22,29
1809,20.09,29
1810,19.92,29
1811,21.20,29
1812,20.70,29
1813,19.79,29
1814,21.05,29
1815,19.89,29
1816,20.13,29
1817,20.30,29
1818,19.56,29
1819,21.11,28
1820,2.03,28
1821,20.25,28
1822,20.91,28
1823,22.17,28
1824,19.96,28
1825,19.66,28
1826,21.21,28
1827,20.10,28
1828,21.15,27
1829,Specimen received unlabelled.,27
1830,19.88,27
1831,20.36,27
1832,20.63,27
1833,1.80,27
1834,22.00,27
1835,2.04,27
1836,20.61,27
1837,2.00,26
1838,2.06,26
1839,20.16,26
1840,20.58,26
1841,21.77,26
1842,7.7,26
1843,Microtainer specimen,26
1844,6.2,26
1845,20.92,26
1846,20.24,26
1847,2.17,26
1848,20.97,25
1849,21.44,25
1850,20.44,25
1851,20.33,25
1852,1.95,25
1853,2.16,25
1854,20.78,25
1855,9.2,25
1856,21.80,25
1857,20.03,25
1858,20.83,24
1859,Requisitioning entry error,24
1860,20.86,24
1861,21.31,24
1862,20.37,24
1863,21.30,24
1864,7.2,24
1865,20.28,24
1866,20.20,24
1867,20.18,24
1868,20.79,23
1869,21.03,23
1870,21.60,23
1871,21.68,23
1872,21.09,23
1873,21.28,23
1874,1.62,23
1875,20.39,23
1876,1.56,23
1877,20.29,23
1878,20.12,23
1879,20.01,23
1880,5.4,23
1881,7.6,23
1882,21.79,23
1883,8.1,23
1884,1.74,23
1885,21.48,22
1886,21.35,22
1887,1.90,22
1888,2.07,22
1889,20.35,22
1890,21.10,22
1891,20.89,22
1892,20.57,22
1893,20.55,22
1894,20.53,22
1895,21.29,22
1896,20.46,22
1897,20.42,22
1898,20.50,22
1899,20.19,22
1900,20.14,22
1901,6.8,22
1902,1.65,22
1903,20.31,21
1904,21.49,21
1905,8.8,21
1906,21.08,21
1907,21.14,21
1908,20.99,21
1909,21.37,21
1910,21.70,21
1911,20.81,21
1912,20.75,21
1913,20.68,21
1914,20.74,21
1915,20.67,21
1916,20.65,21
1917,20.00,21
1918,20.04,21
1919,20.05,21
1920,20.47,21
1921,20.43,21
1922,21.13,21
1923,2.14,21
1924,21.65,21
1925,9.8,21
1926,22.02,21
1927,9.5,21
1928,1.88,21
1929,20.54,20
1930,5.5,20
1931,6.7,20
1932,6.6,20
1933,6.5,20
1934,20.94,20
1935,6.1,20
1936,20.85,20
1937,5.6,20
1938,20.72,20
1939,1.79,20
1940,21.23,20
1941,22.57,20
1942,20.66,20
1943,20.51,20
1944,1.50,20
1945,20.17,20
1946,22.75,20
1947,1.70,20
1948,22.92,20
1949,1.83,20
1950,20.95,20
1951,Unable to assay. Specimen improperly collected/handled.,20
1952,21.72,20
1953,1.92,20
1954,21.57,20
1955,8.5,20
1956,22.01,20
1957,21.27,20
1958,20.82,19
1959,21.22,19
1960,21.99,19
1961,20.73,19
1962,1.77,19
1963,20.71,19
1964,9.1,19
1965,20.59,19
1966,23.00,19
1967,21.56,19
1968,21.58,19
1969,21.59,19
1970,20.22,19
1971,20.23,19
1972,21.61,19
1973,21.43,19
1974,22.88,19
1975,21.40,19
1976,21.04,19
1977,22.22,19
1978,5.8,19
1979,7.8,19
1980,21.25,19
1981,20.96,19
1982,1.68,19
1983,21.16,19
1984,20.93,19
1985,20.87,19
1986,21.82,19
1987,21.91,18
1988,20.38,18
1989,21.89,18
1990,21.18,18
1991,22.73,18
1992,21.66,18
1993,1.59,18
1994,21.52,18
1995,21.01,18
1996,20.98,18
1997,22.70,18
1998,20.52,18
1999,22.10,18
2000,21.50,18
2001,22.54,18
2002,21.33,18
2003,21.38,18
2004,22.37,18
2005,20.88,18
2006,20.84,18
2007,22.51,18
2008,21.64,18
2009,9.3,18
2010,10.0,18
2011,11.1,18
2012,1.87,18
2013,8.4,18
2014,22.98,18
2015,20.07,17
2016,7.5,17
2017,7.4,17
2018,20.08,17
2019,22.19,17
2020,22.62,17
2021,21.94,17
2022,1.86,17
2023,22.05,17
2024,23.70,17
2025,6.9,17
2026,1.78,17
2027,22.35,17
2028,1.35,17
2029,6.4,17
2030,22.46,17
2031,22.25,17
2032,22.38,17
2033,1.60,17
2034,23.10,17
2035,21.34,17
2036,21.36,17
2037,5.0,17
2038,10.1,17
2039,21.98,17
2040,21.42,17
2041,8.6,17
2042,20.26,17
2043,23.60,16
2044,21.54,16
2045,22.36,16
2046,20.27,16
2047,8.2,16
2048,23.81,16
2049,1.96,16
2050,1.18,16
2051,7.1,16
2052,21.02,16
2053,22.14,16
2054,21.45,16
2055,23.43,16
2056,22.20,16
2057,21.95,16
2058,21.17,16
2059,23.31,16
2060,22.18,16
2061,21.90,16
2062,1.98,16
2063,22.82,16
2064,20.02,16
2065,20.45,16
2066,9.7,16
2067,21.84,16
2068,1.73,16
2069,1.54,16
2070,23.11,16
2071,1.57,16
2072,20.62,15
2073,7.3,15
2074,21.19,15
2075,22.63,15
2076,21.85,15
2077,21.76,15
2078,1.46,15
2079,23.22,15
2080,1.99,15
2081,22.67,15
2082,22.12,15
2083,21.46,15
2084,0.98,15
2085,21.78,15
2086,21.88,15
2087,20.48,15
2088,22.71,15
2089,10.2,15
2090,21.39,15
2091,1.52,15
2092,22.21,15
2093,0.40,15
2094,1.93,15
2095,5.7,15
2096,1.25,15
2097,5.9,15
2098,1.64,15
2099,22.44,15
2100,1.97,15
2101,22.48,15
2102,21.96,15
2103,22.86,15
2104,1.94,15
2105,22.59,15
2106,20.77,15
2107,24.11,15
2108,1.75,15
2109,22.29,15
2110,20.69,15
2111,22.26,15
2112,24.80,15
2113,22.80,15
2114,21.97,15
2115,9.9,15
2116,21.69,14
2117,22.77,14
2118,22.99,14
2119,23.41,14
2120,23.37,14
2121,22.95,14
2122,23.40,14
2123,22.42,14
2124,23.49,14
2125,25.24,14
2126,23.91,14
2127,22.40,14
2128,22.47,14
2129,23.79,14
2130,23.13,14
2131,23.75,14
2132,22.50,14
2133,23.14,14
2134,23.62,14
2135,22.03,14
2136,22.58,14
2137,21.81,14
2138,22.61,14
2139,23.15,14
2140,22.64,14
2141,22.66,14
2142,23.12,14
2143,23.50,14
2144,22.91,14
2145,11.7,14
2146,21.12,14
2147,1.91,14
2148,1.67,14
2149,9.4,14
2150,1.66,14
2151,20.41,14
2152,1.85,14
2153,1.89,14
2154,9.6,14
2155,1.17,14
2156,21.55,14
2157,1.21,14
2158,5.1,14
2159,22.56,13
2160,22.81,13
2161,1.69,13
2162,21.67,13
2163,22.33,13
2164,22.87,13
2165,1.26,13
2166,1.38,13
2167,22.78,13
2168,22.43,13
2169,1.53,13
2170,22.94,13
2171,22.72,13
2172,1.48,13
2173,1.45,13
2174,4.3,13
2175,21.63,13
2176,23.09,13
2177,1.72,13
2178,23.63,13
2179,24.29,13
2180,24.15,13
2181,24.32,13
2182,23.86,13
2183,23.83,13
2184,6.0,13
2185,23.78,13
2186,23.67,13
2187,23.58,13
2188,23.03,13
2189,23.57,13
2190,23.38,13
2191,23.32,13
2192,23.30,13
2193,1.84,13
2194,9.0,13
2195,22.27,13
2196,23.05,13
2197,22.28,13
2198,22.90,13
2199,22.07,13
2200,22.06,13
2201,0.43,13
2202,21.47,13
2203,21.74,13
2204,20.49,13
2205,21.53,13
2206,22.76,12
2207,25.35,12
2208,23.18,12
2209,0.25,12
2210,25.20,12
2211,1.76,12
2212,21.92,12
2213,23.08,12
2214,23.06,12
2215,1.51,12
2216,4.6,12
2217,22.79,12
2218,1.71,12
2219,23.20,12
2220,22.89,12
2221,22.74,12
2222,1.63,12
2223,22.83,12
2224,22.04,12
2225,22.93,12
2226,1.82,12
2227,22.08,12
2228,20.64,12
2229,21.62,12
2230,21.71,12
2231,24.12,12
2232,24.08,12
2233,23.87,12
2234,21.73,12
2235,23.85,12
2236,23.84,12
2237,24.60,12
2238,21.75,12
2239,24.65,12
2240,6.3,12
2241,23.71,12
2242,24.71,12
2243,10.8,12
2244,23.65,12
2245,7.9,12
2246,23.52,12
2247,8.0,12
2248,20.56,12
2249,24.23,12
2250,1.08,12
2251,22.11,12
2252,22.31,12
2253,22.30,12
2254,22.34,12
2255,22.39,12
2256,22.53,12
2257,1.24,12
2258,1.44,12
2259,22.32,12
2260,1.36,12
2261,22.41,12
2262,22.55,12
2263,22.09,12
2264,22.16,12
2265,22.23,12
2266,1.34,12
2267,10.3,11
2268,10.4,11
2269,23.51,11
2270,22.69,11
2271,23.45,11
2272,24.90,11
2273,1.49,11
2274,23.42,11
2275,4.9,11
2276,23.34,11
2277,1.01,11
2278,21.87,11
2279,23.29,11
2280,23.28,11
2281,24.91,11
2282,24.79,11
2283,23.55,11
2284,1.11,11
2285,24.18,11
2286,24.14,11
2287,24.13,11
2288,1.15,11
2289,24.35,11
2290,21.51,11
2291,24.09,11
2292,23.94,11
2293,21.24,11
2294,24.45,11
2295,1.10,11
2296,24.56,11
2297,24.57,11
2298,21.41,11
2299,1.32,11
2300,21.26,11
2301,23.21,11
2302,1.13,11
2303,23.17,11
2304,0.30,11
2305,0.99,11
2306,1.37,11
2307,22.60,11
2308,21.93,11
2309,1.00,11
2310,25.33,11
2311,23.02,11
2312,0.80,11
2313,4.8,11
2314,0.68,11
2315,1.47,11
2316,0.60,11
2317,0.86,10
2318,26.08,10
2319,1.30,10
2320,1.05,10
2321,24.58,10
2322,0.93,10
2323,23.66,10
2324,22.85,10
2325,24.50,10
2326,11.0,10
2327,23.92,10
2328,24.49,10
2329,23.90,10
2330,22.68,10
2331,24.17,10
2332,25.66,10
2333,1.14,10
2334,22.65,10
2335,"CANCELLED,Specimen not collected or received",10
2336,24.36,10
2337,25.61,10
2338,"Test accessioning error,please disregard.",10
2339,1.58,10
2340,24.07,10
2341,24.03,10
2342,1.43,10
2343,1.61,10
2344,5.3,10
2345,24.76,10
2346,23.44,10
2347,24.78,10
2348,22.52,10
2349,8.9,10
2350,25.01,10
2351,25.86,10
2352,21.32,10
2353,23.39,10
2354,25.38,10
2355,23.53,10
2356,21.83,10
2357,24.88,10
2358,23.36,10
2359,Unable to assay. Possible interfering substance(s) present.,10
2360,25.98,10
2361,22.97,10
2362,24.84,10
2363,1.27,10
2364,26.20,10
2365,23.27,10
2366,1.29,10
2367,22.96,10
2368,10.7,10
2369,3.9,10
2370,1.55,9
2371,1.81,9
2372,21.07,9
2373,22.24,9
2374,23.25,9
2375,24.05,9
2376,24.04,9
2377,22.49,9
2378,1.41,9
2379,23.04,9
2380,1.20,9
2381,10.6,9
2382,1.23,9
2383,1.22,9
2384,23.73,9
2385,23.74,9
2386,1.03,9
2387,23.77,9
2388,23.59,9
2389,23.47,9
2390,23.80,9
2391,23.82,9
2392,1.40,9
2393,0.94,9
2394,24.24,9
2395,22.84,9
2396,23.01,9
2397,23.68,9
2398,26.63,9
2399,24.83,9
2400,8.7,9
2401,24.53,9
2402,24.62,9
2403,24.63,9
2404,24.67,9
2405,24.70,9
2406,24.73,9
2407,25.97,9
2408,24.93,9
2409,Cancelled by clinician,9
2410,24.44,9
2411,25.81,9
2412,25.08,9
2413,25.13,9
2414,25.15,9
2415,25.60,9
2416,27.96,9
2417,25.37,9
2418,25.46,9
2419,24.51,9
2420,25.41,9
2421,24.40,9
2422,24.42,9
2423,24.38,9
2424,24.43,9
2425,1.06,8
2426,26.54,8
2427,23.46,8
2428,24.96,8
2429,30.00,8
2430,26.36,8
2431,25.90,8
2432,10.5,8
2433,1.07,8
2434,11.2,8
2435,24.87,8
2436,0.33,8
2437,11.3,8
2438,25.42,8
2439,23.61,8
2440,27.51,8
2441,24.31,8
2442,25.21,8
2443,22.45,8
2444,23.26,8
2445,28.70,8
2446,24.27,8
2447,0.62,8
2448,1.28,8
2449,22.13,8
2450,25.70,8
2451,23.33,8
2452,1.16,8
2453,23.35,8
2454,25.68,8
2455,25.18,8
2456,25.03,8
2457,25.00,8
2458,Specimen collected in wrong container type.,8
2459,0.22,8
2460,24.26,8
2461,23.23,8
2462,0.38,8
2463,0.88,8
2464,24.54,8
2465,26.60,8
2466,Unable to quantitate due to possible contamination.,8
2467,23.88,8
2468,26.80,8
2469,26.73,8
2470,26.04,8
2471,24.46,8
2472,25.49,8
2473,23.96,8
2474,23.97,8
2475,26.70,8
2476,0.84,8
2477,26.25,8
2478,26.88,8
2479,24.06,8
2480,23.72,8
2481,25.99,8
2482,12.2,8
2483,0.34,8
2484,23.69,8
2485,12.8,8
2486,12.3,8
2487,24.69,8
2488,28.30,8
2489,25.52,8
2490,25.14,8
2491,27.67,7
2492,25.67,7
2493,28.07,7
2494,25.50,7
2495,0.73,7
2496,25.57,7
2497,0.78,7
2498,0.29,7
2499,28.18,7
2500,26.62,7
2501,25.71,7
2502,26.30,7
2503,0.36,7
2504,0.26,7
2505,26.65,7
2506,26.15,7
2507,26.71,7
2508,26.10,7
2509,26.09,7
2510,0.23,7
2511,26.90,7
2512,26.59,7
2513,26.00,7
2514,26.92,7
2515,26.94,7
2516,25.93,7
2517,26.99,7
2518,0.41,7
2519,26.49,7
2520,0.46,7
2521,0.48,7
2522,0.49,7
2523,27.15,7
2524,26.28,7
2525,27.21,7
2526,27.33,7
2527,27.34,7
2528,25.76,7
2529,25.74,7
2530,0.42,7
2531,26.40,7
2532,24.61,7
2533,23.98,7
2534,11.8,7
2535,1.19,7
2536,23.24,7
2537,3.7,7
2538,25.11,7
2539,24.82,7
2540,1.31,7
2541,25.06,7
2542,11.5,7
2543,25.04,7
2544,25.40,7
2545,4.4,7
2546,25.02,7
2547,24.48,7
2548,1.33,7
2549,4.7,7
2550,24.99,7
2551,24.98,7
2552,23.56,7
2553,1.42,7
2554,24.41,7
2555,23.16,7
2556,30.12,7
2557,28.55,7
2558,24.22,7
2559,0.83,7
2560,24.55,7
2561,24.19,7
2562,0.13,7
2563,12.5,7
2564,25.32,7
2565,25.30,7
2566,12.4,7
2567,24.16,7
2568,14.5,7
2569,24.33,7
2570,24.75,7
2571,12.1,7
2572,25.27,7
2573,24.10,7
2574,1.02,7
2575,24.94,7
2576,29.78,6
2577,29.89,6
2578,0.39,6
2579,28.19,6
2580,0.37,6
2581,4.5,6
2582,26.67,6
2583,26.84,6
2584,3.8,6
2585,13.9,6
2586,14.0,6
2587,30.41,6
2588,26.50,6
2589,26.48,6
2590,15.3,6
2591,26.42,6
2592,33.61,6
2593,3.2,6
2594,10.9,6
2595,29.70,6
2596,12.7,6
2597,28.17,6
2598,28.15,6
2599,28.11,6
2600,0.87,6
2601,0.89,6
2602,0.91,6
2603,27.90,6
2604,28.38,6
2605,27.85,6
2606,0.95,6
2607,27.81,6
2608,0.70,6
2609,0.69,6
2610,27.50,6
2611,1.09,6
2612,27.43,6
2613,0.64,6
2614,27.38,6
2615,Identity unclear. Specimen labelled incorrectly.,6
2616,28.90,6
2617,27.22,6
2618,27.20,6
2619,27.18,6
2620,0.50,6
2621,1.39,6
2622,26.95,6
2623,11.6,6
2624,11.9,6
2625,26.89,6
2626,24.25,6
2627,28.10,6
2628,25.75,6
2629,25.88,6
2630,24.28,6
2631,24.39,6
2632,25.09,6
2633,25.51,6
2634,25.07,6
2635,24.66,6
2636,0.12,6
2637,26.12,6
2638,0.11,6
2639,24.74,6
2640,26.11,6
2641,26.22,6
2642,25.54,6
2643,26.07,6
2644,23.48,6
2645,23.64,6
2646,25.62,6
2647,26.05,6
2648,25.96,6
2649,25.58,6
2650,24.37,6
2651,24.85,6
2652,0.19,6
2653,25.10,6
2654,0.21,6
2655,23.95,6
2656,25.79,6
2657,25.80,6
2658,25.17,6
2659,22.15,6
2660,26.32,6
2661,0.28,6
2662,24.20,6
2663,25.39,6
2664,23.07,6
2665,26.35,6
2666,25.45,6
2667,25.26,6
2668,25.28,5
2669,12.0,5
2670,0.17,5
2671,27.75,5
2672,0.10,5
2673,27.37,5
2674,5.2,5
2675,29.30,5
2676,25.73,5
2677,25.64,5
2678,27.65,5
2679,27.39,5
2680,27.53,5
2681,25.69,5
2682,29.46,5
2683,27.44,5
2684,27.45,5
2685,24.68,5
2686,24.64,5
2687,29.74,5
2688,27.47,5
2689,27.55,5
2690,27.48,5
2691,25.72,5
2692,27.93,5
2693,24.81,5
2694,1.12,5
2695,0.82,5
2696,Ignore results. Specimen was contaminated,5
2697,28.65,5
2698,25.16,5
2699,23.19,5
2700,0.85,5
2701,25.19,5
2702,25.12,5
2703,28.56,5
2704,25.23,5
2705,28.32,5
2706,0.90,5
2707,0.92,5
2708,Test incorrectly ordered.,5
2709,25.47,5
2710,28.73,5
2711,25.59,5
2712,29.90,5
2713,11.4,5
2714,27.87,5
2715,29.04,5
2716,27.89,5
2717,24.95,5
2718,0.75,5
2719,27.94,5
2720,28.74,5
2721,0.76,5
2722,0.77,5
2723,28.01,5
2724,28.89,5
2725,Disregard results. Specimen incorrectly identified.,5
2726,25.53,5
2727,29.86,5
2728,26.37,5
2729,24.00,5
2730,23.99,5
2731,3.3,5
2732,26.29,5
2733,27.05,5
2734,0.24,5
2735,21.86,5
2736,27.02,5
2737,24.01,5
2738,27.00,5
2739,30.07,5
2740,24.02,5
2741,25.89,5
2742,38.70,5
2743,26.97,5
2744,26.24,5
2745,26.58,5
2746,30.97,5
2747,26.96,5
2748,26.23,5
2749,25.94,5
2750,26.21,5
2751,30.23,5
2752,30.90,5
2753,15.1,5
2754,26.85,5
2755,14.9,5
2756,24.34,5
2757,30.49,5
2758,31.87,5
2759,26.77,5
2760,0.18,5
2761,4.1,5
2762,23.93,5
2763,27.23,5
2764,26.43,5
2765,13.5,5
2766,0.32,5
2767,0.57,5
2768,25.82,5
2769,0.54,5
2770,27.16,5
2771,27.26,5
2772,4.2,5
2773,17.2,5
2774,25.84,5
2775,32.88,5
2776,26.39,5
2777,4.0,5
2778,0.58,5
2779,30.66,4
2780,30.65,4
2781,1.04,4
2782,28.84,4
2783,32.19,4
2784,30.60,4
2785,14.6,4
2786,17.1,4
2787,30.79,4
2788,28.78,4
2789,28.58,4
2790,28.52,4
2791,15.5,4
2792,28.69,4
2793,16.1,4
2794,25.25,4
2795,31.35,4
2796,32.85,4
2797,31.44,4
2798,28.57,4
2799,31.50,4
2800,31.68,4
2801,25.22,4
2802,24.47,4
2803,30.21,4
2804,24.30,4
2805,29.35,4
2806,29.44,4
2807,0.08,4
2808,23.76,4
2809,29.54,4
2810,29.58,4
2811,29.97,4
2812,12.9,4
2813,29.69,4
2814,24.59,4
2815,24.52,4
2816,13.2,4
2817,29.80,4
2818,29.81,4
2819,13.3,4
2820,29.83,4
2821,29.91,4
2822,13.4,4
2823,29.43,4
2824,29.34,4
2825,28.93,4
2826,29.31,4
2827,30.42,4
2828,30.39,4
2829,14.3,4
2830,30.30,4
2831,28.97,4
2832,30.28,4
2833,30.26,4
2834,24.92,4
2835,14.1,4
2836,29.88,4
2837,30.16,4
2838,29.10,4
2839,29.11,4
2840,29.17,4
2841,29.19,4
2842,26.38,4
2843,30.10,4
2844,0.97,4
2845,29.20,4
2846,32.31,4
2847,27.74,4
2848,27.60,4
2849,26.13,4
2850,27.61,4
2851,26.72,4
2852,27.63,4
2853,26.69,4
2854,27.66,4
2855,0.67,4
2856,27.70,4
2857,27.72,4
2858,26.18,4
2859,26.79,4
2860,27.77,4
2861,0.71,4
2862,0.72,4
2863,27.79,4
2864,27.80,4
2865,0.35,4
2866,0.16,4
2867,27.83,4
2868,27.86,4
2869,25.56,4
2870,27.59,4
2871,0.66,4
2872,27.99,4
2873,27.30,4
2874,27.09,4
2875,0.47,4
2876,0.20,4
2877,27.03,4
2878,0.51,4
2879,27.01,4
2880,27.24,4
2881,27.27,4
2882,27.28,4
2883,0.59,4
2884,27.31,4
2885,26.81,4
2886,27.32,4
2887,25.78,4
2888,25.91,4
2889,26.98,4
2890,26.91,4
2891,27.46,4
2892,27.49,4
2893,26.86,4
2894,27.52,4
2895,26.83,4
2896,27.92,4
2897,26.64,4
2898,25.44,4
2899,28.27,4
2900,0.79,4
2901,25.48,4
2902,0.81,4
2903,28.13,4
2904,28.00,4
2905,28.21,4
2906,0.15,4
2907,25.34,4
2908,28.05,4
2909,25.31,4
2910,26.45,4
2911,25.29,4
2912,28.36,4
2913,0.31,4
2914,Test inadvertently not performed,4
2915,26.33,4
2916,26.52,4
2917,27.08,4
2918,26.53,4
2919,28.02,4
2920,28.03,4
2921,31.40,3
2922,26.01,3
2923,26.31,3
2924,25.92,3
2925,26.93,3
2926,30.19,3
2927,30.20,3
2928,31.31,3
2929,31.86,3
2930,26.02,3
2931,30.08,3
2932,26.87,3
2933,16.3,3
2934,38.20,3
2935,31.79,3
2936,30.29,3
2937,26.06,3
2938,33.18,3
2939,19.1,3
2940,30.34,3
2941,30.35,3
2942,31.32,3
2943,0.45,3
2944,26.46,3
2945,26.82,3
2946,3.4,3
2947,39.50,3
2948,13.7,3
2949,32.21,3
2950,26.41,3
2951,32.42,3
2952,39.28,3
2953,32.08,3
2954,31.36,3
2955,32.03,3
2956,30.01,3
2957,13.8,3
2958,32.73,3
2959,26.55,3
2960,32.75,3
2961,33.91,3
2962,30.03,3
2963,33.93,3
2964,30.05,3
2965,31.70,3
2966,31.24,3
2967,0.27,3
2968,15.4,3
2969,30.83,3
2970,31.57,3
2971,26.56,3
2972,0.07,3
2973,30.84,3
2974,26.51,3
2975,30.86,3
2976,35.67,3
2977,31.48,3
2978,27.07,3
2979,37.57,3
2980,34.56,3
2981,16.5,3
2982,31.46,3
2983,34.85,3
2984,35.06,3
2985,33.83,3
2986,30.92,3
2987,35.32,3
2988,35.17,3
2989,30.82,3
2990,33.52,3
2991,26.66,3
2992,30.75,3
2993,31.21,3
2994,33.23,3
2995,30.48,3
2996,26.78,3
2997,26.76,3
2998,30.54,3
2999,26.27,3
3000,33.28,3
3001,18.3,3
3002,33.40,3
3003,30.56,3
3004,36.82,3
3005,33.45,3
3006,31.58,3
3007,14.8,3
3008,26.14,3
3009,26.16,3
3010,34.27,3
3011,26.17,3
3012,16.4,3
3013,28.40,3
3014,30.17,3
3015,29.13,3
3016,29.22,3
3017,29.23,3
3018,28.14,3
3019,29.25,3
3020,29.27,3
3021,2.7,3
3022,27.68,3
3023,25.63,3
3024,29.36,3
3025,25.43,3
3026,29.37,3
3027,47.07,3
3028,28.24,3
3029,28.25,3
3030,24.77,3
3031,29.41,3
3032,29.42,3
3033,27.64,3
3034,46.32,3
3035,27.62,3
3036,24.72,3
3037,12.6,3
3038,25.36,3
3039,29.14,3
3040,28.71,3
3041,27.57,3
3042,29.12,3
3043,CLOTTED,3
3044,28.96,3
3045,27.95,3
3046,24.89,3
3047,23.54,3
3048,28.94,3
3049,24.97,3
3050,24.86,3
3051,25.05,3
3052,28.04,3
3053,28.85,3
3054,29.03,3
3055,28.83,3
3056,0.74,3
3057,29.07,3
3058,28.06,3
3059,28.80,3
3060,28.09,3
3061,29.09,3
3062,17.5,3
3063,Ignore results.  Specimen clotted.,3
3064,27.82,3
3065,28.72,3
3066,27.58,3
3067,20.5,3
3068,28.29,3
3069,29.59,3
3070,27.42,3
3071,29.73,3
3072,28.45,3
3073,27.40,3
3074,25.65,3
3075,28.46,3
3076,29.68,3
3077,28.47,3
3078,29.63,3
3079,0.63,3
3080,2.9,3
3081,29.62,3
3082,25.77,3
3083,28.49,3
3084,0.61,3
3085,28.50,3
3086,29.93,3
3087,13.6,3
3088,28.39,3
3089,28.31,3
3090,29.56,3
3091,29.98,3
3092,29.57,3
3093,27.12,3
3094,25.83,3
3095,0.52,3
3096,29.76,3
3097,29.85,3
3098,23.89,3
3099,0.65,3
3100,Test Not Performed,2
3101,32.57,2
3102,33.84,2
3103,33.55,2
3104,33.77,2
3105,17.3,2
3106,33.63,2
3107,32.44,2
3108,33.72,2
3109,33.70,2
3110,32.56,2
3111,32.61,2
3112,32.39,2
3113,32.48,2
3114,32.46,2
3115,1.0,2
3116,32.69,2
3117,33.50,2
3118,32.66,2
3119,32.93,2
3120,17.0,2
3121,33.01,2
3122,33.06,2
3123,Specimen contaminated,2
3124,33.09,2
3125,0.14,2
3126,33.98,2
3127,16.9,2
3128,33.15,2
3129,32.81,2
3130,33.17,2
3131,33.20,2
3132,33.22,2
3133,32.74,2
3134,1.2,2
3135,32.71,2
3136,LCAN LOCATION ROUTING ERROR,2
3137,33.32,2
3138,32.70,2
3139,33.36,2
3140,33.42,2
3141,Ignore results. Specimen clotted.,2
3142,32.94,2
3143,32.68,2
3144,33.47,2
3145,33.48,2
3146,33.11,2
3147,39.61,2
3148,75.21,2
3149,37.40,2
3150,42.39,2
3151,37.95,2
3152,42.51,2
3153,37.84,2
3154,37.65,2
3155,37.51,2
3156,37.42,2
3157,42.76,2
3158,38.12,2
3159,37.38,2
3160,37.35,2
3161,36.90,2
3162,14.7,2
3163,36.78,2
3164,46.47,2
3165,36.74,2
3166,38.05,2
3167,38.16,2
3168,36.46,2
3169,38.60,2
3170,39.98,2
3171,39.07,2
3172,40.30,2
3173,0.44,2
3174,Unable to obtain,2
3175,38.67,2
3176,40.85,2
3177,0.96,2
3178,42.08,2
3179,38.56,2
3180,41.33,2
3181,38.51,2
3182,38.42,2
3183,41.57,2
3184,13.0,2
3185,42.04,2
3186,36.56,2
3187,36.45,2
3188,34.01,2
3189,34.25,2
3190,34.88,2
3191,34.86,2
3192,34.82,2
3193,34.65,2
3194,34.63,2
3195,16.0,2
3196,34.30,2
3197,34.22,2
3198,39.69,2
3199,16.2,2
3200,34.17,2
3201,34.13,2
3202,53.83,2
3203,34.12,2
3204,34.04,2
3205,34.02,2
3206,34.94,2
3207,51.46,2
3208,36.32,2
3209,35.81,2
3210,15.0,2
3211,36.16,2
3212,36.14,2
3213,36.08,2
3214,36.06,2
3215,36.00,2
3216,35.92,2
3217,48.92,2
3218,35.09,2
3219,49.31,2
3220,35.73,2
3221,35.64,2
3222,35.43,2
3223,50.10,2
3224,35.26,2
3225,15.6,2
3226,35.02,2
3227,33.89,2
3228,0.05,2
3229,28.53,2
3230,31.43,2
3231,28.44,2
3232,31.42,2
3233,31.39,2
3234,2.1,2
3235,30.24,2
3236,31.37,2
3237,29.72,2
3238,28.54,2
3239,28.62,2
3240,28.59,2
3241,28.60,2
3242,31.30,2
3243,31.29,2
3244,30.72,2
3245,31.25,2
3246,28.61,2
3247,30.22,2
3248,30.25,2
3249,31.45,2
3250,31.49,2
3251,28.42,2
3252,27.97,2
3253,27.98,2
3254,20.3,2
3255,31.60,2
3256,28.16,2
3257,28.20,2
3258,28.22,2
3259,30.32,2
3260,28.26,2
3261,30.31,2
3262,30.27,2
3263,28.33,2
3264,28.34,2
3265,31.52,2
3266,30.93,2
3267,31.51,2
3268,29.38,2
3269,30.74,2
3270,18.7,2
3271,27.84,2
3272,29.21,2
3273,29.94,2
3274,18.6,2
3275,29.99,2
3276,29.26,2
3277,31.05,2
3278,29.02,2
3279,31.01,2
3280,31.00,2
3281,29.16,2
3282,30.18,2
3283,30.02,2
3284,3.0,2
3285,30.91,2
3286,3.5,2
3287,30.96,2
3288,19.4,2
3289,3.6,2
3290,30.94,2
3291,29.92,2
3292,31.06,2
3293,29.28,2
3294,28.95,2
3295,31.18,2
3296,28.64,2
3297,31.17,2
3298,28.66,2
3299,28.67,2
3300,30.76,2
3301,29.79,2
3302,31.13,2
3303,19.7,2
3304,2.6,2
3305,30.78,2
3306,28.86,2
3307,30.80,2
3308,28.92,2
3309,29.82,2
3310,2.4,2
3311,29.84,2
3312,31.66,2
3313,29.71,2
3314,26.57,2
3315,29.47,2
3316,29.60,2
3317,30.38,2
3318,27.17,2
3319,22.8,2
3320,27.11,2
3321,27.10,2
3322,27.06,2
3323,27.04,2
3324,19.9,2
3325,31.90,2
3326,31.92,2
3327,30.46,2
3328,31.93,2
3329,31.94,2
3330,26.75,2
3331,29.50,2
3332,26.74,2
3333,32.14,2
3334,25.85,2
3335,27.78,2
3336,32.04,2
3337,22.5,2
3338,26.44,2
3339,32.07,2
3340,29.00,2
3341,26.03,2
3342,17.6,2
3343,30.59,2
3344,22.2,2
3345,26.19,2
3346,30.50,2
3347,31.88,2
3348,27.25,2
3349,31.82,2
3350,31.73,2
3351,29.64,2
3352,31.75,2
3353,31.71,2
3354,27.54,2
3355,31.76,2
3356,27.41,2
3357,17.9,2
3358,31.81,2
3359,27.69,2
3360,27.73,2
3361,31.72,2
3362,27.29,2
3363,29.61,2
3364,30.51,2
3365,27.35,2
3366,32.24,2
3367,27.76,2
3368,52.97,1
3369,59.62,1
3370,58.33,1
3371,53.49,1
3372,52.84,1
3373,59.17,1
3374,53.33,1
3375,53.03,1
3376,51.13,1
3377,59.47,1
3378,52.85,1
3379,53.31,1
3380,59.57,1
3381,52.90,1
3382,58.57,1
3383,58.36,1
3384,51.31,1
3385,51.59,1
3386,29.1,1
3387,29.05,1
3388,51.89,1
3389,52.13,1
3390,58.14,1
3391,51.36,1
3392,52.22,1
3393,58.87,1
3394,51.17,1
3395,51.24,1
3396,52.26,1
3397,52.27,1
3398,52.30,1
3399,52.31,1
3400,52.61,1
3401,52.81,1
3402,58.74,1
3403,29.01,1
3404,105.36,1
3405,58.13,1
3406,54.18,1
3407,101.34,1
3408,55.81,1
3409,101.81,1
3410,55.84,1
3411,101.82,1
3412,102.32,1
3413,103.00,1
3414,55.85,1
3415,56.03,1
3416,103.01,1
3417,104.26,1
3418,56.08,1
3419,56.21,1
3420,56.32,1
3421,56.48,1
3422,56.60,1
3423,109.55,1
3424,107.15,1
3425,104.63,1
3426,106.87,1
3427,106.72,1
3428,55.75,1
3429,55.70,1
3430,100.62,1
3431,55.00,1
3432,54.26,1
3433,57.59,1
3434,54.32,1
3435,54.43,1
3436,54.58,1
3437,57.22,1
3438,54.86,1
3439,54.91,1
3440,57.11,1
3441,57.04,1
3442,55.49,1
3443,55.14,1
3444,56.88,1
3445,55.16,1
3446,56.69,1
3447,55.18,1
3448,56.67,1
3449,56.61,1
3450,100.05,1
3451,100.30,1
3452,51.01,1
3453,48.06,1
3454,50.92,1
3455,29.15,1
3456,45.71,1
3457,45.90,1
3458,45.91,1
3459,29.45,1
3460,45.98,1
3461,46.06,1
3462,46.09,1
3463,46.11,1
3464,46.31,1
3465,198.44,1
3466,46.37,1
3467,46.45,1
3468,46.46,1
3469,198.62,1
3470,29.39,1
3471,46.49,1
3472,46.65,1
3473,46.68,1
3474,46.79,1
3475,46.84,1
3476,46.98,1
3477,47.08,1
3478,47.10,1
3479,47.14,1
3480,119.23,1
3481,45.67,1
3482,45.62,1
3483,45.56,1
3484,29.48,1
3485,29.49,1
3486,43.93,1
3487,44.10,1
3488,44.21,1
3489,44.37,1
3490,44.44,1
3491,44.47,1
3492,44.55,1
3493,44.69,1
3494,44.70,1
3495,44.84,1
3496,44.86,1
3497,45.55,1
3498,44.89,1
3499,44.93,1
3500,44.98,1
3501,45.02,1
3502,45.23,1
3503,45.25,1
3504,45.29,1
3505,45.30,1
3506,45.35,1
3507,45.36,1
3508,45.47,1
3509,118.93,1
3510,117.63,1
3511,116.16,1
3512,49.89,1
3513,49.03,1
3514,49.23,1
3515,49.25,1
3516,49.39,1
3517,49.42,1
3518,49.62,1
3519,49.63,1
3520,49.70,1
3521,49.72,1
3522,49.75,1
3523,49.81,1
3524,49.91,1
3525,29.29,1
3526,49.93,1
3527,29.24,1
3528,50.13,1
3529,50.31,1
3530,50.34,1
3531,50.45,1
3532,50.55,1
3533,50.61,1
3534,50.62,1
3535,50.79,1
3536,50.83,1
3537,49.00,1
3538,48.90,1
3539,115.99,1
3540,47.48,1
3541,114.90,1
3542,114.48,1
3543,114.20,1
3544,113.53,1
3545,110.61,1
3546,47.21,1
3547,47.31,1
3548,47.35,1
3549,47.40,1
3550,47.44,1
3551,47.45,1
3552,47.65,1
3553,48.79,1
3554,47.72,1
3555,47.80,1
3556,29.32,1
3557,47.83,1
3558,60.08,1
3559,48.14,1
3560,48.37,1
3561,48.46,1
3562,48.50,1
3563,48.56,1
3564,48.63,1
3565,60.04,1
3566,71.02,1
3567,60.17,1
3568,28.63,1
3569,Disregard previous report of:,1
3570,Disregard results.,1
3571,28.91,1
3572,28.82,1
3573,ER NOTIFIED TO REDRAW,1
3574,IMPCOL,1
3575,28.79,1
3576,28.76,1
3577,28.68,1
3578,Ignore results. Specimen hemolyzed,1
3579,Ignore results. Specimen mislabeled,1
3580,Incorrect test ordered.,1
3581,"MISID,NOTIFIED IAN,01/24/2017 1246,TS,ACRE",1
3582,Cancelled,1
3583,MISLABELED,1
3584,Medical record number mismatch. Disregard results.,1
3585,Patient discharged,1
3586,Results called to and read back by:,1
3587,SPECIMEN CLOTTED,1
3588,1.1,1
3589,2.8,1
3590,28.51,1
3591,Specimen drawn in wrong tube.,1
3592,28.48,1
3593,TNP,1
3594,Test Not Indicated,1
3595,Clerical Error,1
3596,2.5,1
3597,28.43,1
3598,98.12,1
3599,93.03,1
3600,93.83,1
3601,93.96,1
3602,94.30,1
3603,94.46,1
3604,95.04,1
3605,95.40,1
3606,95.84,1
3607,96.22,1
3608,96.9,1
3609,97.73,1
3610,97.94,1
3611,98.59,1
3612,1.4,1
3613,98.73,1
3614,99.56,1
3615,99.90,1
3616,<0.40,1
3617,ACRE,1
3618,Analyzer unable to compute MPV due to abnormal platelet distribution.,1
3619,Blood/Anticoagulant Ratio in tube unsatisfactory.,1
3620,CALLED TO KELLY AT 1353,1
3621,28.98,1
3622,CLTD,1
3623,CNDUPL,1
3624,Called to,1
3625,06,1
3626,Test cancelled per staff review,1
3627,91.70,1
3628,25.95,1
3629,262.41,1
3630,260.00,1
3631,21.6,1
3632,see below,1
3633,26.61,1
3634,26.47,1
3635,211.07,1
3636,22.0,1
3637,26.34,1
3638,26.26,1
3639,WRONG,1
3640,22.3,1
3641,25.87,1
3642,Unable to assay. Specimen too old to perform test.,1
3643,0.2,1
3644,22.6,1
3645,25.6,1
3646,220.13,1
3647,220.14,1
3648,226.5,1
3649,247.10,1
3650,241.8,1
3651,24.8,1
3652,0.09,1
3653,237.20,1
3654,24.21,1
3655,21.4,1
3656,268.22,1
3657,28.41,1
3658,27.88,1
3659,28.4,1
3660,20.0,1
3661,28.37,1
3662,28.35,1
3663,20.1,1
3664,28.28,1
3665,Test reordered by CCHS hospital.,1
3666,28.23,1
3667,28.12,1
3668,Unable to assay. Analytical difficulty.,1
3669,28.08,1
3670,27.91,1
3671,20.6,1
3672,269.77,1
3673,Unable to assay. Broken/spilled in transit.,1
3674,27.56,1
3675,202.36,1
3676,27.36,1
3677,Unable to assay. Notified by ordering location that specimen incorrectly,1
3678,27.19,1
3679,0.56,1
3680,0.55,1
3681,21.2,1
3682,0.53,1
3683,27.14,1
3684,27.13,1
3685,92.05,1
3686,91.30,1
3687,60.53,1
3688,70.14,1
3689,67.66,1
3690,67.72,1
3691,67.87,1
3692,68.02,1
3693,69.03,1
3694,69.05,1
3695,69.06,1
3696,69.17,1
3697,69.42,1
3698,69.93,1
3699,70.02,1
3700,70.04,1
3701,70.27,1
3702,67.58,1
3703,70.34,1
3704,70.5,1
3705,43.79,1
3706,71.09,1
3707,71.73,1
3708,71.76,1
3709,71.77,1
3710,72.05,1
3711,72.19,1
3712,72.74,1
3713,72.83,1
3714,73.01,1
3715,286.55,1
3716,67.35,1
3717,73.82,1
3718,63.82,1
3719,60.54,1
3720,60.64,1
3721,60.69,1
3722,60.96,1
3723,61.18,1
3724,61.97,1
3725,62.21,1
3726,62.58,1
3727,62.65,1
3728,63.04,1
3729,63.31,1
3730,63.43,1
3731,63.90,1
3732,66.96,1
3733,64.16,1
3734,64.17,1
3735,64.22,1
3736,64.29,1
3737,64.50,1
3738,64.56,1
3739,64.62,1
3740,65.12,1
3741,65.40,1
3742,66.25,1
3743,66.42,1
3744,66.82,1
3745,73.21,1
3746,74.00,1
3747,1.7,1
3748,85.50,1
3749,83.8,1
3750,83.82,1
3751,84.08,1
3752,84.29,1
3753,1.9,1
3754,84.36,1
3755,84.54,1
3756,84.95,1
3757,85.05,1
3758,85.21,1
3759,85.30,1
3760,85.34,1
3761,85.74,1
3762,83.25,1
3763,86.47,1
3764,1.8,1
3765,86.53,1
3766,88.00,1
3767,88.09,1
3768,88.17,1
3769,88.92,1
3770,89.01,1
3771,89.23,1
3772,90.56,1
3773,90.71,1
3774,90.91,1
3775,83.78,1
3776,83.24,1
3777,74.62,1
3778,77.96,1
3779,74.83,1
3780,75.08,1
3781,280.86,1
3782,75.27,1
3783,75.55,1
3784,76.10,1
3785,76.17,1
3786,76.39,1
3787,76.92,1
3788,77.09,1
3789,77.25,1
3790,77.85,1
3791,78.90,1
3792,82.67,1
3793,79.36,1
3794,79.69,1
3795,79.82,1
3796,28.99,1
3797,80.36,1
3798,80.49,1
3799,81.08,1
3800,81.48,1
3801,81.58,1
3802,82.30,1
3803,82.37,1
3804,82.48,1
3805,43.81,1
3806,32.25,1
3807,43.78,1
3808,35.03,1
3809,15.8,1
3810,34.89,1
3811,34.92,1
3812,34.93,1
3813,34.96,1
3814,34.97,1
3815,34.98,1
3816,34.99,1
3817,348.04,1
3818,35.00,1
3819,15.7,1
3820,35.01,1
3821,30.99,1
3822,35.04,1
3823,35.42,1
3824,30.98,1
3825,18.5,1
3826,35.11,1
3827,35.12,1
3828,35.16,1
3829,30.95,1
3830,35.22,1
3831,35.28,1
3832,35.31,1
3833,35.33,1
3834,35.34,1
3835,35.37,1
3836,35.38,1
3837,34.87,1
3838,31.03,1
3839,31.04,1
3840,34.84,1
3841,34.42,1
3842,34.43,1
3843,34.44,1
3844,34.47,1
3845,34.48,1
3846,34.50,1
3847,34.51,1
3848,34.55,1
3849,31.10,1
3850,16,1
3851,154.91,1
3852,150.58,1
3853,150.15,1
3854,31.08,1
3855,34.57,1
3856,34.58,1
3857,34.60,1
3858,34.62,1
3859,31.07,1
3860,34.67,1
3861,34.68,1
3862,34.69,1
3863,15.9,1
3864,34.70,1
3865,34.74,1
3866,34.75,1
3867,34.78,1
3868,35.39,1
3869,30.9,1
3870,18.8,1
3871,146.41,1
3872,36.01,1
3873,36.03,1
3874,36.05,1
3875,36.07,1
3876,30.73,1
3877,36.13,1
3878,30.71,1
3879,36.19,1
3880,36.20,1
3881,36.21,1
3882,36.23,1
3883,36.24,1
3884,30.70,1
3885,145.69,1
3886,35.44,1
3887,143.88,1
3888,141.50,1
3889,140.33,1
3890,140.22,1
3891,36.27,1
3892,36.29,1
3893,36.31,1
3894,30.68,1
3895,36.34,1
3896,36.39,1
3897,36.40,1
3898,43.75,1
3899,36.44,1
3900,35.98,1
3901,35.95,1
3902,35.91,1
3903,35.90,1
3904,35.48,1
3905,35.50,1
3906,35.51,1
3907,35.52,1
3908,35.56,1
3909,35.57,1
3910,30.89,1
3911,35.60,1
3912,35.62,1
3913,35.63,1
3914,30.88,1
3915,35.65,1
3916,35.69,1
3917,35.70,1
3918,35.71,1
3919,30.87,1
3920,30.85,1
3921,35.74,1
3922,35.75,1
3923,35.76,1
3924,35.77,1
3925,35.78,1
3926,35.79,1
3927,35.80,1
3928,35.86,1
3929,35.87,1
3930,15.2,1
3931,34.41,1
3932,34.39,1
3933,31.11,1
3934,168.25,1
3935,31.98,1
3936,31.95,1
3937,32.76,1
3938,32.77,1
3939,32.78,1
3940,32.82,1
3941,32.83,1
3942,32.84,1
3943,32.89,1
3944,32.90,1
3945,32.91,1
3946,31.89,1
3947,17.8,1
3948,167.33,1
3949,34.37,1
3950,166.44,1
3951,164.02,1
3952,163.37,1
3953,163.12,1
3954,163.00,1
3955,161.36,1
3956,32.96,1
3957,32.97,1
3958,33.00,1
3959,31.84,1
3960,33.05,1
3961,33.10,1
3962,33.13,1
3963,17.7,1
3964,32.72,1
3965,31.99,1
3966,32.02,1
3967,32.28,1
3968,32.32,1
3969,32.34,1
3970,32.36,1
3971,32.20,1
3972,32.41,1
3973,32.17,1
3974,32.43,1
3975,17.4,1
3976,32.16,1
3977,32.45,1
3978,32.15,1
3979,32.49,1
3980,32.50,1
3981,32.51,1
3982,32.54,1
3983,32.55,1
3984,32.13,1
3985,32.12,1
3986,32.11,1
3987,32.62,1
3988,32.63,1
3989,32.64,1
3990,32.65,1
3991,32.09,1
3992,32.67,1
3993,32.06,1
3994,31.74,1
3995,33.19,1
3996,31.69,1
3997,33.85,1
3998,33.88,1
3999,31.38,1
4000,33.90,1
4001,31.34,1
4002,18.2,1
4003,33.97,1
4004,31.33,1
4005,33.99,1
4006,34.03,1
4007,31.28,1
4008,34.05,1
4009,34.06,1
4010,34.07,1
4011,34.09,1
4012,34.10,1
4013,34.11,1
4014,31.23,1
4015,31.20,1
4016,34.19,1
4017,34.2,1
4018,31.16,1
4019,31.15,1
4020,34.26,1
4021,31.14,1
4022,34.28,1
4023,34.33,1
4024,34.35,1
4025,33.86,1
4026,33.80,1
4027,33.25,1
4028,33.73,1
4029,33.26,1
4030,31.67,1
4031,16.8,1
4032,33.30,1
4033,33.31,1
4034,33.33,1
4035,31.65,1
4036,33.37,1
4037,33.38,1
4038,33.41,1
4039,16.7,1
4040,33.44,1
4041,31.59,1
4042,173.98,1
4043,33.49,1
4044,177.90,1
4045,33.51,1
4046,178.48,1
4047,33.53,1
4048,31.55,1
4049,33.56,1
4050,33.57,1
4051,33.59,1
4052,33.62,1
4053,33.65,1
4054,33.68,1
4055,31.47,1
4056,30.67,1
4057,36.42,1
4058,30.64,1
4059,29.96,1
4060,19.6,1
4061,29.87,1
4062,40.00,1
4063,40.02,1
4064,40.06,1
4065,40.10,1
4066,40.15,1
4067,40.16,1
4068,40.19,1
4069,40.32,1
4070,40.33,1
4071,40.45,1
4072,40.48,1
4073,40.54,1
4074,40.58,1
4075,40.61,1
4076,40.73,1
4077,40.77,1
4078,40.80,1
4079,40.86,1
4080,40.98,1
4081,41.00,1
4082,41.05,1
4083,41.10,1
4084,41.20,1
4085,41.29,1
4086,41.32,1
4087,29.95,1
4088,19.5,1
4089,41.39,1
4090,39.96,1
4091,39.25,1
4092,39.26,1
4093,36.50,1
4094,39.35,1
4095,39.39,1
4096,39.43,1
4097,39.48,1
4098,39.53,1
4099,39.55,1
4100,39.58,1
4101,39.60,1
4102,3.1,1
4103,39.67,1
4104,298.18,1
4105,39.70,1
4106,39.73,1
4107,39.76,1
4108,39.77,1
4109,39.78,1
4110,39.80,1
4111,39.81,1
4112,39.85,1
4113,39.88,1
4114,39.90,1
4115,293.61,1
4116,39.93,1
4117,39.94,1
4118,29.77,1
4119,41.43,1
4120,39.20,1
4121,42.59,1
4122,42.69,1
4123,29.55,1
4124,42.77,1
4125,42.83,1
4126,42.85,1
4127,42.88,1
4128,42.90,1
4129,42.93,1
4130,43.02,1
4131,43.04,1
4132,29.51,1
4133,43.14,1
4134,43.16,1
4135,43.17,1
4136,43.3,1
4137,43.34,1
4138,43.37,1
4139,43.42,1
4140,43.43,1
4141,43.50,1
4142,43.51,1
4143,43.53,1
4144,43.59,1
4145,43.64,1
4146,43.67,1
4147,43.70,1
4148,43.72,1
4149,42.66,1
4150,42.57,1
4151,13.1,1
4152,32.27,1
4153,41.51,1
4154,41.59,1
4155,41.68,1
4156,41.69,1
4157,41.75,1
4158,41.77,1
4159,41.79,1
4160,41.86,1
4161,41.88,1
4162,129.10,1
4163,125.72,1
4164,124.76,1
4165,124.55,1
4166,42.00,1
4167,42.01,1
4168,19.8,1
4169,42.05,1
4170,29.66,1
4171,42.18,1
4172,42.25,1
4173,42.26,1
4174,42.27,1
4175,42.29,1
4176,42.34,1
4177,42.40,1
4178,42.43,1
4179,42.47,1
4180,39.23,1
4181,39.31,1
4182,39.17,1
4183,37.54,1
4184,37.24,1
4185,37.30,1
4186,37.31,1
4187,37.34,1
4188,30.52,1
4189,37.36,1
4190,37.39,1
4191,30.45,1
4192,37.47,1
4193,37.48,1
4194,30.44,1
4195,37.52,1
4196,37.53,1
4197,37.55,1
4198,37.97,1
4199,186.09,1
4200,188.52,1
4201,37.67,1
4202,37.68,1
4203,37.73,1
4204,37.74,1
4205,37.82,1
4206,30.40,1
4207,37.87,1
4208,37.88,1
4209,37.90,1
4210,37.91,1
4211,39.13,1
4212,37.19,1
4213,37.16,1
4214,18.9,1
4215,37.12,1
4216,36.53,1
4217,36.54,1
4218,30.63,1
4219,36.57,1
4220,36.60,1
4221,36.61,1
4222,36.64,1
4223,36.65,1
4224,30.62,1
4225,36.72,1
4226,30.61,1
4227,36.76,1
4228,36.77,1
4229,36.79,1
4230,36.80,1
4231,30.58,1
4232,36.88,1
4233,30.57,1
4234,30.55,1
4235,36.91,1
4236,36.97,1
4237,36.98,1
4238,37.01,1
4239,37.04,1
4240,37.06,1
4241,37.10,1
4242,37.11,1
4243,30.36,1
4244,37.93,1
4245,37.99,1
4246,139.44,1
4247,38.02,1
4248,134.54,1
4249,134.07,1
4250,133.70,1
4251,132.40,1
4252,131.37,1
4253,38.62,1
4254,30.13,1
4255,19.3,1
4256,38.74,1
4257,38.77,1
4258,38.78,1
4259,38.79,1
4260,38.81,1
4261,38.86,1
4262,38.87,1
4263,30.09,1
4264,38.88,1
4265,38.94,1
4266,38.96,1
4267,38.97,1
4268,382.66,1
4269,39.03,1
4270,39.05,1
4271,39.06,1
4272,30.06,1
4273,39.08,1
4274,137.52,1
4275,136.37,1
4276,42.55,1
4277,38.08,1
4278,38.10,1
4279,38.11,1
4280,38.26,1
4281,38.28,1
4282,38.30,1
4283,139.70,1
4284,38.07,1
4285,38.33,1
4286,38.35,1
4287,38.37,1
4288,38.45,1
4289,38.47,1
4290,30.33,1
4291,38.48,1
4292,38.49,1
4293,38.58,1
4294,38.04,1
4295,30.15,1
4296,30.14,1
4297,14.2,1
4298,51.94,0
4299,35.47,0
4300,31.62,0
4301,51.64,0
4302,102.95,0
4303,77.00,0
4304,36.69,0
4305,177.89,0
4306,162.02,0
4307,REQUEST CREDITED,0
4308,45.54,0
4309,49.74,0
4310,33.64,0
4311,49.02,0
4312,59.81,0
4313,50.05,0
